Season,Date,Date_yyyy_mm_dd,Site ,Standard_Site_Code,Sample_Type,Species,MNR_Species_Code,Fish_Number,Sample_ID,Number_of_Individuals,Fork_Length_mm,Fork_Length_per_individual_mm,Total_Length_mm,Total_Length_per_individual_mm,Weight_lb,Weight_g ,Weight_per_individual_lb ,Weight_per_individual_g,Kept,Sex,SI_tissue_taken,Stomach_Contents,Pass_Number,Pria_Fish_Number,Notes
Spring,28/05/2018,2018-05-28,Hawk Cliff,haw.c,Individual,BND,630,1,HC1-18-BND-1,1,53,53,56,56,0.0033,1.5,0.003307,1.5,Y,IM,Y,"algae, plant matter",1,NA,
Spring,28/05/2018,2018-05-28,Hawk Cliff,haw.c,Individual,BND,630,2,HC1-18-BND-2,1,43,43,45,45,0.0022,1,0.002205,1,Y,UNK,Y,"algae, plant matter",1,NA,
Spring,28/05/2018,2018-05-28,Hawk Cliff,haw.c,Individual,BND,630,3,HC1-18-BND-3,1,43,43,45,45,0.0022,1,0.002205,1,Y,IM,Y,empty,2,NA,
Spring,28/05/2018,2018-05-28,Hawk Cliff,haw.c,Individual,BND,630,4,HC1-18-BND-4,1,45,45,49,49,0.0033,1.5,0.003307,1.5,Y,IM,Y,goo,2,NA,
Spring,28/05/2018,2018-05-28,Hawk Cliff,haw.c,Individual,BND,630,5,HC1-18-BND-5,1,41,41,45,45,0.0022,1,0.002205,1,Y,IM,Y,UNK,2,NA,
Spring,28/05/2018,2018-05-28,Hawk Cliff,haw.c,Individual,BND,630,6,HC1-18-BND-6,1,76,76,83,83,0.0143,6.5,0.01433,6.5,Y,F,Y,empty,3,NA,
Spring,28/05/2018,2018-05-28,Hawk Cliff,haw.c,Individual,BND,630,7,HC1-18-BND-7,1,65,65,70,70,0.0088,4,0.008818,4,Y,F,Y,Unidentifiable,3,NA,
Spring,28/05/2018,2018-05-28,Hawk Cliff,haw.c,Individual,BND,630,8,HC1-18-BND-8,1,44,44,47,47,0.0022,1,0.002205,1,Y,IM,Y,empty,3,NA,
Spring,28/05/2018,2018-05-28,Hawk Cliff,haw.c,Individual,CC,212,1,HC1-18-CC-1,1,46,46,50,50,0.0022,1,0.002205,1,N,NA,NA,NA,1,NA,
Spring,28/05/2018,2018-05-28,Hawk Cliff,haw.c,Individual,CC,212,2,HC1-18-CC-2,1,46,46,50,50,0.0033,1.5,0.003307,1.5,N,NA,NA,NA,1,NA,
Spring,28/05/2018,2018-05-28,Hawk Cliff,haw.c,Individual,CC,212,3,HC1-18-CC-3,1,50,50,54,54,0.0044,2,0.004409,2,N,NA,NA,NA,1,NA,
Spring,28/05/2018,2018-05-28,Hawk Cliff,haw.c,Individual,CC,212,4,HC1-18-CC-4,1,40,40,46,46,0.0022,1,0.002205,1,N,NA,NA,NA,1,NA,
Spring,28/05/2018,2018-05-28,Hawk Cliff,haw.c,Individual,CC,212,5,HC1-18-CC-5,1,94,94,102,102,0.0209,9.5,0.020944,9.5,Y,F,Y,"algae, insect carapace",1,NA,
Spring,28/05/2018,2018-05-28,Hawk Cliff,haw.c,Individual,CC,212,6,HC1-18-CC-6,1,90,90,102,102,0.0198,9,0.019842,9,Y,M,Y,empty,1,NA,
Spring,28/05/2018,2018-05-28,Hawk Cliff,haw.c,Individual,CC,212,7,HC1-18-CC-7,1,102,102,110,110,0.0353,16,0.035274,16,Y,UNK,Y,UNK,1,NA,
Spring,28/05/2018,2018-05-28,Hawk Cliff,haw.c,Individual,CC,212,8,HC1-18-CC-8,1,118,118,126,126,0.0452,20.5,0.045195,20.5,Y,M,Y,gastropod/algae,1,NA,
Spring,28/05/2018,2018-05-28,Hawk Cliff,haw.c,Individual,CC,212,9,HC1-18-CC-9,1,81,81,86,86,0.0154,7,0.015432,7,N,NA,NA,NA,2,NA,
Spring,28/05/2018,2018-05-28,Hawk Cliff,haw.c,Individual,CC,212,10,HC1-18-CC-10,1,70,70,75,75,0.0088,4,0.008818,4,N,NA,NA,NA,2,NA,
Spring,28/05/2018,2018-05-28,Hawk Cliff,haw.c,Individual,CC,212,11,HC1-18-CC-11,1,37,37,38,38,0.0011,0.5,0.001102,0.5,N,NA,NA,NA,2,NA,
Spring,28/05/2018,2018-05-28,Hawk Cliff,haw.c,Individual,CC,212,12,HC1-18-CC-12,1,74,74,78,78,0.011,5,0.011023,5,N,NA,NA,NA,2,NA,
Spring,28/05/2018,2018-05-28,Hawk Cliff,haw.c,Individual,CC,212,13,HC1-18-CC-13,1,52,52,56,56,0.0044,2,0.004409,2,N,NA,NA,NA,2,NA,
Spring,28/05/2018,2018-05-28,Hawk Cliff,haw.c,Individual,CC,212,14,HC1-18-CC-14,1,47,47,51,51,0.0033,1.5,0.003307,1.5,N,NA,NA,NA,2,NA,
Spring,28/05/2018,2018-05-28,Hawk Cliff,haw.c,Individual,CC,212,15,HC1-18-CC-15,1,98,98,104,104,0.0243,11,0.024251,11,Y,F,Y,worm/algae,1,NA,
Spring,28/05/2018,2018-05-28,Hawk Cliff,haw.c,Individual,CC,212,16,HC1-18-CC-16,1,95,95,100,100,0.0209,9.5,0.020944,9.5,Y,F,Y,worm/algae,1,NA,
Spring,28/05/2018,2018-05-28,Hawk Cliff,haw.c,Individual,CC,212,17,HC1-18-CC-17,1,94,94,101,101,0.0254,11.5,0.025353,11.5,Y,IM,Y,algae,1,NA,
Spring,28/05/2018,2018-05-28,Hawk Cliff,haw.c,Individual,CC,212,18,HC1-18-CC-18,1,124,124,132,132,0.0617,28,0.061729,28,Y,M,Y,algae,2,NA,
Spring,28/05/2018,2018-05-28,Hawk Cliff,haw.c,Individual,CC,212,19,HC1-18-CC-19,1,97,97,104,104,0.0231,10.5,0.023149,10.5,Y,F,Y,beetle(black weevil),2,NA,
Spring,28/05/2018,2018-05-28,Hawk Cliff,haw.c,Individual,CC,212,20,HC1-18-CC-20,1,79,79,83,83,0.0165,7.5,0.016535,7.5,Y,IM,Y,beetle (unkown species),2,NA,
Spring,28/05/2018,2018-05-28,Hawk Cliff,haw.c,Individual,CC,212,21,HC1-18-CC-21,1,121,121,130,130,0.0518,23.5,0.051809,23.5,N,NA,NA,NA,3,NA,
Spring,28/05/2018,2018-05-28,Hawk Cliff,haw.c,Individual,CC,212,22,HC1-18-CC-22,1,87,87,92,92,0.0209,9.5,0.020944,9.5,N,NA,NA,NA,3,NA,
Spring,28/05/2018,2018-05-28,Hawk Cliff,haw.c,Individual,CC,212,23,HC1-18-CC-23,1,UNK,UNK,36,36,0.0011,0.5,0.001102,0.5,N,NA,NA,NA,3,NA,
Spring,28/05/2018,2018-05-28,Hawk Cliff,haw.c,Individual,CC,212,24,HC1-18-CC-24,1,50,50,53,53,0.0044,2,0.004409,2,N,NA,NA,NA,3,NA,
Spring,28/05/2018,2018-05-28,Hawk Cliff,haw.c,Individual,CC,212,25,HC1-18-CC-25,1,69,69,73,73,0.0088,4,0.008818,4,N,NA,NA,NA,3,NA,
Spring,28/05/2018,2018-05-28,Hawk Cliff,haw.c,Individual,CC,212,26,HC1-18-CC-26,1,53,53,57,57,0.0033,1.5,0.003307,1.5,N,NA,NA,NA,3,NA,
Spring,28/05/2018,2018-05-28,Hawk Cliff,haw.c,Individual,CC,212,27,HC1-18-CC-27,1,48,48,51,51,0.0022,1,0.002205,1,N,NA,NA,NA,3,NA,
Spring,28/05/2018,2018-05-28,Hawk Cliff,haw.c,Individual,CC,212,28,HC1-18-CC-28,1,38,38,40,40,0.0011,0.5,0.001102,0.5,N,NA,NA,NA,3,NA,
Spring,29/05/2018,2018-05-29,Perl 4,per4.f,Individual,BND,630,1,EP41-18-BND-1,1,UNK,UNK,42,42,0.0022,1,0.002205,1,Y,UNK,Y,UNK,1,NA,
Spring,29/05/2018,2018-05-29,Perl 4,per4.f,Individual,BND,630,2,EP41-18-BND-2,1,UNK,UNK,30,30,0.0011,0.5,0.001102,0.5,Y,UNK,Y,UNK,1,NA,
Spring,29/05/2018,2018-05-29,Perl 4,per4.f,Individual,BND,630,3,EP41-18-BND-3,1,UNK,UNK,33,33,0.0011,0.5,0.001102,0.5,Y,UNK,Y,UNK,1,NA,
Spring,29/05/2018,2018-05-29,Perl 4,per4.f,Individual,BND,630,4,EP41-18-BND-4,1,UNK,UNK,34,34,0.0011,0.5,0.001102,0.5,Y,UNK,Y,UNK,1,NA,
Spring,29/05/2018,2018-05-29,Perl 4,per4.f,Individual,BND,630,5,EP41-18-BND-5,1,73,73,80,80,0.011,5,0.011023,5,Y,F,Y,insects,Spot Check,NA,
Spring,29/05/2018,2018-05-29,Perl 4,per4.f,Individual,BS,281,1,EP41-18-BS-1,1,NA,NA,56,56,0.0044,2,0.004409,2,Y,M,Y,Unidentifiable,1,NA,
Spring,29/05/2018,2018-05-29,Perl 4,per4.f,Individual,BS,281,2,EP41-18-BS-2,1,NA,NA,64,64,0.0066,3,0.006614,3,Y,F,Y,plant matter,1,NA,
Spring,29/05/2018,2018-05-29,Perl 4,per4.f,Individual,BS,281,3,EP41-18-BS-3,1,NA,NA,45,45,0.0022,1,0.002205,1,Y,M,Y,empty,1,NA,
Spring,29/05/2018,2018-05-29,Perl 4,per4.f,Individual,BS,281,4,EP41-18-BS-4,1,NA,NA,54,54,0.0033,1.5,0.003307,1.5,Y,F,Y,plant matter,1,NA,
Spring,29/05/2018,2018-05-29,Perl 4,per4.f,Individual,BS,281,5,EP41-18-BS-5,1,NA,NA,42,42,0.0011,0.5,0.001102,0.5,Y,UNK,Y,empty,1,NA,
Spring,29/05/2018,2018-05-29,Perl 4,per4.f,Individual,BS,281,6,EP41-18-BS-6,1,NA,NA,42,42,0.0022,1,0.002205,1,Y,F,Y,UNK,1,NA,
Spring,29/05/2018,2018-05-29,Perl 4,per4.f,Individual,BS,281,7,EP41-18-BS-7,1,NA,NA,48,48,0.0022,1,0.002205,1,Y,F,Y,plant matter,1,NA,
Spring,29/05/2018,2018-05-29,Perl 4,per4.f,Individual,BS,281,8,EP41-18-BS-8,1,NA,NA,41,41,0.0011,0.5,0.001102,0.5,Y,M,Y,Unidentifiable,2,NA,
Spring,29/05/2018,2018-05-29,Perl 4,per4.f,Individual,BS,281,9,EP41-18-BS-9,1,NA,NA,36,36,0.0011,0.5,0.001102,0.5,N,NA,NA,NA,2,NA,
Spring,29/05/2018,2018-05-29,Perl 4,per4.f,Individual,BS,281,10,EP41-18-BS-10,1,NA,NA,56,56,0.0044,2,0.004409,2,N,NA,NA,NA,3,NA,
Spring,29/05/2018,2018-05-29,Perl 4,per4.f,Individual,BS,281,11,EP41-18-BS-11,1,NA,NA,47,47,0.0022,1,0.002205,1,N,NA,NA,NA,3,NA,
Spring,29/05/2018,2018-05-29,Perl 4,per4.f,Individual,BS,281,12,EP41-18-BS-12,1,NA,NA,64,64,0.0066,3,0.006614,3,N,NA,NA,NA,3,NA,
Spring,29/05/2018,2018-05-29,Perl 4,per4.f,Individual,BS,281,13,EP41-18-BS-13,1,NA,NA,57,57,0.0055,2.5,0.005512,2.5,Y,UNK,Y,UNK,3,NA,
Spring,29/05/2018,2018-05-29,Perl 4,per4.f,Individual,CC,212,1,EP41-18-CC-1,1,126,126,130,130,0.0573,26,0.05732,26,Y,F,Y,insects(beetle),1,NA,
Spring,29/05/2018,2018-05-29,Perl 4,per4.f,Individual,CC,212,2,EP41-18-CC-2,1,101,101,106,106,0.0276,12.5,0.027558,12.5,Y,F,Y,algae,1,NA,
Spring,29/05/2018,2018-05-29,Perl 4,per4.f,Individual,CC,212,3,EP41-18-CC-3,1,119,119,127,127,0.0507,23,0.050706,23,Y,F,Y,insects,1,NA,
Spring,29/05/2018,2018-05-29,Perl 4,per4.f,Individual,CC,212,4,EP41-18-CC-4,1,104,104,111,111,0.0331,15,0.033069,15,Y,M,Y,insects/gastropod,Spot Check,NA,
Spring,29/05/2018,2018-05-29,Perl 4,per4.f,Individual,CC,212,5,EP41-18-CC-5,1,125,125,130,130,0.0496,22.5,0.049604,22.5,Y,F,Y,Unidentifiable,Spot Check,NA,
Spring,29/05/2018,2018-05-29,Perl 4,per4.f,Individual,CC,212,6,EP41-18-CC-6,1,108,108,116,116,0.0386,17.5,0.038581,17.5,Y,F,Y,plant matter/insects,Spot Check,NA,
Spring,29/05/2018,2018-05-29,Perl 4,per4.f,Individual,CC,212,7,EP41-18-CC-7,1,143,143,150,150,0.0827,37.5,0.082673,37.5,Y,M,Y,worms,Spot Check,NA,
Spring,29/05/2018,2018-05-29,Perl 4,per4.f,Individual,CC,212,8,EP41-18-CC-8,1,121,121,128,128,0.0562,25.5,0.056218,25.5,Y,M,Y,plant matter/insects (carapace),Spot Check,NA,
Spring,29/05/2018,2018-05-29,Perl 4,per4.f,Individual,CC,212,9,EP41-18-CC-9,1,161,161,169,169,0.1301,59,0.130073,59,Y,M,Y,insects,Spot Check,NA,
Spring,30/05/2018,2018-05-30,Taylor,tay.f,Individual,BS,281,1,AT1-18-BS-1,1,NA,NA,47,47,0.0022,1,0.002205,1,Y,F,Y,Unidentifiable,2,NA,
Spring,30/05/2018,2018-05-30,Taylor,tay.f,Individual,BS,281,2,AT1-18-BS-2,1,NA,NA,41,41,0.0011,0.5,0.001102,0.5,Y,M,Y,egg,2,NA,
Spring,30/05/2018,2018-05-30,Taylor,tay.f,Individual,BS,281,3,AT1-18-BS-3,1,NA,NA,39,39,0.0022,1,0.002205,1,Y,F,Y,UNK,2,NA,
Spring,30/05/2018,2018-05-30,Taylor,tay.f,Individual,BS,281,4,AT1-18-BS-4,1,NA,NA,45,45,0.0022,1,0.002205,1,Y,F,Y,insects,3,NA,
Spring,30/05/2018,2018-05-30,Taylor,tay.f,Individual,BS,281,5,AT1-18-BS-5,1,NA,NA,41,41,0.0011,0.5,0.001102,0.5,Y,M,Y,Unidentifiable,3,NA,
Spring,30/05/2018,2018-05-30,Taylor,tay.f,Individual,BS,281,6,AT1-18-BS-6,1,NA,NA,43,43,0.0022,1,0.002205,1,Y,M,Y,Unidentifiable,3,NA,
Summer,01/08/2018,2018-08-01,Hawk Cliff,haw.c,Individual,BND,630,1,HC2-18-BND-1,1,35,35,38,38,0.0011,0.5,0.001102,0.5,N,NA,NA,NA,1,NA,
Summer,01/08/2018,2018-08-01,Hawk Cliff,haw.c,Individual,BND,630,2,HC2-18-BND-2,1,35,35,37,37,0.0011,0.5,0.001102,0.5,N,NA,NA,NA,1,NA,
Summer,01/08/2018,2018-08-01,Hawk Cliff,haw.c,Individual,BND,630,3,HC2-18-BND-3,1,33,33,35,35,0.0011,0.5,0.001102,0.5,N,NA,NA,NA,1,NA,tail damage
Summer,01/08/2018,2018-08-01,Hawk Cliff,haw.c,Individual,BND,630,4,HC2-18-BND-4,1,34,34,36,36,0.0011,0.5,0.001102,0.5,N,NA,NA,NA,1,NA,
Summer,01/08/2018,2018-08-01,Hawk Cliff,haw.c,Individual,BND,630,5,HC2-18-BND-5,1,30,30,33,33,0.0011,0.5,0.001102,0.5,N,NA,NA,NA,1,NA,
Summer,01/08/2018,2018-08-01,Hawk Cliff,haw.c,Individual,BND,630,6,HC2-18-BND-6,1,32,32,35,35,<0.5,<0.5,<0.5,<0.5,N,NA,NA,NA,1,NA,
Summer,01/08/2018,2018-08-01,Hawk Cliff,haw.c,Individual,BND,630,7,HC2-18-BND-7,1,33,33,36,36,0.0011,0.5,0.001102,0.5,N,NA,NA,NA,1,NA,
Summer,01/08/2018,2018-08-01,Hawk Cliff,haw.c,Individual,BND,630,8,HC2-18-BND-8,1,34,34,36,36,0.0011,0.5,0.001102,0.5,N,NA,NA,NA,1,NA,
Summer,01/08/2018,2018-08-01,Hawk Cliff,haw.c,Individual,BND,630,9,HC2-18-BND-9,1,34,34,36,36,0.0011,0.5,0.001102,0.5,N,NA,NA,NA,1,NA,
Summer,01/08/2018,2018-08-01,Hawk Cliff,haw.c,Individual,BND,630,10,HC2-18-BND-10,1,32,32,35,35,0.0011,0.5,0.001102,0.5,N,NA,NA,NA,1,NA,
Summer,01/08/2018,2018-08-01,Hawk Cliff,haw.c,Individual,BND,630,11,HC2-18-BND-11,1,33,33,35,35,0.0011,0.5,0.001102,0.5,N,NA,NA,NA,1,NA,
Summer,01/08/2018,2018-08-01,Hawk Cliff,haw.c,Individual,BND,630,12,HC2-18-BND-12,1,31,31,34,34,0.0011,0.5,0.001102,0.5,N,NA,NA,NA,1,NA,
Summer,01/08/2018,2018-08-01,Hawk Cliff,haw.c,Individual,BND,630,13,HC2-18-BND-13,1,32,32,35,35,0.0011,0.5,0.001102,0.5,N,NA,NA,NA,1,NA,
Summer,01/08/2018,2018-08-01,Hawk Cliff,haw.c,Individual,BND,630,14,HC2-18-BND-14,1,28,28,30,30,0.0011,0.5,0.001102,0.5,N,NA,NA,NA,1,NA,
Summer,01/08/2018,2018-08-01,Hawk Cliff,haw.c,Individual,BND,630,15,HC2-18-BND-15,1,71,71,76,76,0.0088,4,0.008818,4,Y,M,Y,empty,1,NA,
Summer,01/08/2018,2018-08-01,Hawk Cliff,haw.c,Individual,BND,630,16,HC2-18-BND-16,1,64,64,67,67,0.0066,3,0.006614,3,Y,IM,Y,empty,1,NA,
Summer,01/08/2018,2018-08-01,Hawk Cliff,haw.c,Individual,BND,630,17,HC2-18-BND-17,1,55,55,59,59,0.0044,2,0.004409,2,Y,M,Y,algae,1,NA,
Summer,01/08/2018,2018-08-01,Hawk Cliff,haw.c,Individual,BND,630,18,HC2-18-BND-18,1,54,54,57,57,0.0044,2,0.004409,2,Y,IM,Y,"detritus, algae",1,NA,
Summer,01/08/2018,2018-08-01,Hawk Cliff,haw.c,Individual,BND,630,19,HC2-18-BND-19,1,61,61,65,65,0.0055,2.5,0.005512,2.5,Y,IM,Y,empty,1,NA,
Summer,01/08/2018,2018-08-01,Hawk Cliff,haw.c,Individual,BND,630,20,HC2-18-BND-20,1,62,62,67,67,0.0066,3,0.006614,3,N,NA,NA,NA,2,NA,
Summer,01/08/2018,2018-08-01,Hawk Cliff,haw.c,Individual,BND,630,21,HC2-18-BND-21,1,47,47,50,50,0.0022,1,0.002205,1,N,NA,NA,NA,2,NA,
Summer,01/08/2018,2018-08-01,Hawk Cliff,haw.c,Individual,BND,630,22,HC2-18-BND-22,1,35,35,37,37,0.0011,0.5,0.001102,0.5,N,NA,NA,NA,2,NA,
Summer,01/08/2018,2018-08-01,Hawk Cliff,haw.c,Bulk,BND,630,Bulk,NA,5,35,35,37,37,0.0022,1,0.000441,0.2,N,NA,NA,NA,2,NA,
Summer,01/08/2018,2018-08-01,Hawk Cliff,haw.c,Individual,BND,630,23,HC2-18-BND-23,1,70,70,74,74,0.0088,4,0.008818,4,Y,IM,Y,detritus,2,NA,
Summer,01/08/2018,2018-08-01,Hawk Cliff,haw.c,Individual,BND,630,24,HC2-18-BND-24,1,71,71,75,75,0.0088,4,0.008818,4,Y,F,Y,empty,2,NA,
Summer,01/08/2018,2018-08-01,Hawk Cliff,haw.c,Individual,BND,630,25,HC2-18-BND-25,1,73,73,76,76,0.0099,4.5,0.009921,4.5,Y,M,Y,detritus,2,NA,
Summer,01/08/2018,2018-08-01,Hawk Cliff,haw.c,Individual,BND,630,26,HC2-18-BND-26,1,58,58,61,61,0.0055,2.5,0.005512,2.5,Y,M,Y,"detritus, algae",2,NA,
Summer,01/08/2018,2018-08-01,Hawk Cliff,haw.c,Individual,BND,630,27,HC2-18-BND-27,1,62,62,66,66,0.0066,3,0.006614,3,Y,UNK,Y,UNK,2,NA,
Summer,01/08/2018,2018-08-01,Hawk Cliff,haw.c,Bulk,BND,630,Bulk,NA,4,30,30,33,33,0.0055,2.5,0.001378,0.6,N,NA,NA,NA,3,NA,
Summer,01/08/2018,2018-08-01,Hawk Cliff,haw.c,Individual,CC,212,1,HC2-18-CC-1,1,53,53,57,57,0.0033,1.5,0.003307,1.5,N,NA,NA,NA,1,NA,
Summer,01/08/2018,2018-08-01,Hawk Cliff,haw.c,Individual,CC,212,2,HC2-18-CC-2,1,36,36,39,39,0.0011,0.5,0.001102,0.5,N,NA,NA,NA,1,NA,
Summer,01/08/2018,2018-08-01,Hawk Cliff,haw.c,Individual,CC,212,3,HC2-18-CC-3,1,UNK,UNK,35,35,0.0011,0.5,0.001102,0.5,N,NA,NA,NA,1,NA,tail damage
Summer,01/08/2018,2018-08-01,Hawk Cliff,haw.c,Individual,CC,212,4,HC2-18-CC-4,1,32,32,34,34,0.0011,0.5,0.001102,0.5,N,NA,NA,NA,1,NA,
Summer,01/08/2018,2018-08-01,Hawk Cliff,haw.c,Individual,CC,212,5,HC2-18-CC-5,1,60,60,64,64,0.0044,2,0.004409,2,N,NA,NA,NA,1,NA,
Summer,01/08/2018,2018-08-01,Hawk Cliff,haw.c,Individual,CC,212,6,HC2-18-CC-6,1,105,105,112,112,0.032,14.5,0.031967,14.5,Y,M,Y,"worms, insects",1,Pria_1,
Summer,01/08/2018,2018-08-01,Hawk Cliff,haw.c,Individual,CC,212,7,HC2-18-CC-7,1,34,34,36,36,0.0011,0.5,0.001102,0.5,N,NA,NA,NA,1,NA,
Summer,01/08/2018,2018-08-01,Hawk Cliff,haw.c,Individual,CC,212,8,HC2-18-CC-8,1,37,37,40,40,0.0011,0.5,0.001102,0.5,N,NA,NA,NA,1,NA,
Summer,01/08/2018,2018-08-01,Hawk Cliff,haw.c,Individual,CC,212,9,HC2-18-CC-9,1,38,38,40,40,0.0011,0.5,0.001102,0.5,N,NA,NA,NA,1,NA,
Summer,01/08/2018,2018-08-01,Hawk Cliff,haw.c,Individual,CC,212,10,HC2-18-CC-10,1,35,35,37,37,0.0011,0.5,0.001102,0.5,N,NA,NA,NA,1,NA,
Summer,01/08/2018,2018-08-01,Hawk Cliff,haw.c,Individual,CC,212,11,HC2-18-CC-11,1,31,31,33,33,0.0011,0.5,0.001102,0.5,N,NA,NA,NA,1,NA,
Summer,01/08/2018,2018-08-01,Hawk Cliff,haw.c,Individual,CC,212,12,HC2-18-CC-12,1,UNK,UNK,49,49,0.0022,1,0.002205,1,N,NA,NA,NA,1,NA,tail damage
Summer,01/08/2018,2018-08-01,Hawk Cliff,haw.c,Individual,CC,212,13,HC2-18-CC-13,1,129,129,137,137,0.0507,23,0.050706,23,Y,M,Y,"algae, insect",1,Pria_2,
Summer,01/08/2018,2018-08-01,Hawk Cliff,haw.c,Individual,CC,212,14,HC2-18-CC-14,1,33,33,35,35,0.0011,0.5,0.001102,0.5,N,NA,NA,NA,1,NA,
Summer,01/08/2018,2018-08-01,Hawk Cliff,haw.c,Individual,CC,212,15,HC2-18-CC-15,1,32,32,35,35,<0.5,<0.5,<0.5,<0.5,N,NA,NA,NA,1,NA,
Summer,01/08/2018,2018-08-01,Hawk Cliff,haw.c,Individual,CC,212,16,HC2-18-CC-16,1,34,34,36,36,0.0011,0.5,0.001102,0.5,N,NA,NA,NA,1,NA,
Summer,01/08/2018,2018-08-01,Hawk Cliff,haw.c,Individual,CC,212,17,HC2-18-CC-17,1,144,144,152,152,0.0672,30.5,0.067241,30.5,Y,F,Y,"insects, parasite",1,Pria_3,
Summer,01/08/2018,2018-08-01,Hawk Cliff,haw.c,Individual,CC,212,18,HC2-18-CC-18,1,100,100,107,107,0.0254,11.5,0.025353,11.5,Y,F,Y,"worms, insects",1,Pria_4,
Summer,01/08/2018,2018-08-01,Hawk Cliff,haw.c,Individual,CC,212,19,HC2-18-CC-19,1,105,105,111,111,0.0298,13.5,0.029762,13.5,Y,M,Y,insects,1,Pria_5,
Summer,01/08/2018,2018-08-01,Hawk Cliff,haw.c,Individual,CC,212,20,HC2-18-CC-20,1,113,113,120,120,0.0342,15.5,0.034172,15.5,Y,M,Y,"algae, insect",1,Pria_6,
Summer,01/08/2018,2018-08-01,Hawk Cliff,haw.c,Individual,CC,212,21,HC2-18-CC-21,1,70,70,74,74,0.0099,4.5,0.009921,4.5,N,NA,NA,NA,2,NA,
Summer,01/08/2018,2018-08-01,Hawk Cliff,haw.c,Individual,CC,212,22,HC2-18-CC-22,1,85,85,90,90,0.0154,7,0.015432,7,Y,IM,Y,"insects, parasite",1,Pria_7,
Summer,01/08/2018,2018-08-01,Hawk Cliff,haw.c,Individual,CC,212,23,HC2-18-CC-23,1,55,55,60,60,0.0044,2,0.004409,2,N,NA,NA,NA,2,NA,
Summer,01/08/2018,2018-08-01,Hawk Cliff,haw.c,Individual,CC,212,24,HC2-18-CC-24,1,125,125,133,133,0.0496,22.5,0.049604,22.5,N,NA,NA,NA,2,NA,
Summer,01/08/2018,2018-08-01,Hawk Cliff,haw.c,Individual,CC,212,25,HC2-18-CC-25,1,74,74,78,78,0.011,5,0.011023,5,N,NA,NA,NA,2,NA,
Summer,01/08/2018,2018-08-01,Hawk Cliff,haw.c,Individual,CC,212,26,HC2-18-CC-26,1,105,105,111,111,0.0342,15.5,0.034172,15.5,N,NA,NA,NA,2,NA,
Summer,01/08/2018,2018-08-01,Hawk Cliff,haw.c,Individual,CC,212,27,HC2-18-CC-27,1,90,90,95,95,0.0176,8,0.017637,8,Y,IM,Y,"insects, parasite",1,Pria_8,
Summer,01/08/2018,2018-08-01,Hawk Cliff,haw.c,Individual,CC,212,28,HC2-18-CC-28,1,69,69,73,73,0.0077,3.5,0.007716,3.5,N,NA,NA,NA,2,NA,
Summer,01/08/2018,2018-08-01,Hawk Cliff,haw.c,Individual,CC,212,29,HC2-18-CC-29,1,79,79,84,84,0.0143,6.5,0.01433,6.5,N,NA,NA,NA,2,NA,
Summer,01/08/2018,2018-08-01,Hawk Cliff,haw.c,Individual,CC,212,30,HC2-18-CC-30,1,66,66,70,70,0.0055,2.5,0.005512,2.5,N,NA,NA,NA,2,NA,
Summer,01/08/2018,2018-08-01,Hawk Cliff,haw.c,Individual,CC,212,31,HC2-18-CC-31,1,60,60,64,64,0.0055,2.5,0.005512,2.5,N,NA,NA,NA,2,NA,
Summer,01/08/2018,2018-08-01,Hawk Cliff,haw.c,Individual,CC,212,32,HC2-18-CC-32,1,52,52,55,55,0.0033,1.5,0.003307,1.5,N,NA,NA,NA,2,NA,
Summer,01/08/2018,2018-08-01,Hawk Cliff,haw.c,Individual,CC,212,33,HC2-18-CC-33,1,58,58,61,61,0.0044,2,0.004409,2,N,NA,NA,NA,2,NA,
Summer,01/08/2018,2018-08-01,Hawk Cliff,haw.c,Individual,CC,212,34,HC2-18-CC-34,1,58,58,61,61,0.0055,2.5,0.005512,2.5,N,NA,NA,NA,2,NA,
Summer,01/08/2018,2018-08-01,Hawk Cliff,haw.c,Individual,CC,212,35,HC2-18-CC-35,1,85,85,92,92,0.0165,7.5,0.016535,7.5,Y,IM,Y,insects,1,Pria_9,
Summer,01/08/2018,2018-08-01,Hawk Cliff,haw.c,Individual,CC,212,36,HC2-18-CC-36,1,37,37,40,40,0.0011,0.5,0.001102,0.5,N,NA,NA,NA,2,NA,
Summer,01/08/2018,2018-08-01,Hawk Cliff,haw.c,Individual,CC,212,37,HC2-18-CC-37,1,40,40,42,42,0.0022,1,0.002205,1,N,NA,NA,NA,2,NA,
Summer,01/08/2018,2018-08-01,Hawk Cliff,haw.c,Individual,CC,212,38,HC2-18-CC-38,1,56,56,60,60,0.0044,2,0.004409,2,N,NA,NA,NA,2,NA,
Summer,01/08/2018,2018-08-01,Hawk Cliff,haw.c,Individual,CC,212,39,HC2-18-CC-39,1,39,39,41,41,0.0011,0.5,0.001102,0.5,N,NA,NA,NA,2,NA,
Summer,01/08/2018,2018-08-01,Hawk Cliff,haw.c,Individual,CC,212,40,HC2-18-CC-40,1,83,83,88,88,0.0132,6,0.013228,6,Y,M,Y,"insects, parasite",1,Pria_10,
Summer,01/08/2018,2018-08-01,Hawk Cliff,haw.c,Individual,CC,212,41,HC2-18-CC-41,1,98,98,105,105,0.0243,11,0.024251,11,Y,IM,Y,"insects, parasite",1,Pria_11,
Summer,01/08/2018,2018-08-01,Hawk Cliff,haw.c,Individual,CC,212,42,HC2-18-CC-42,1,40,40,44,44,0.0022,1,0.002205,1,N,NA,NA,NA,2,NA,
Summer,01/08/2018,2018-08-01,Hawk Cliff,haw.c,Individual,CC,212,43,HC2-18-CC-43,1,78,78,84,84,0.0121,5.5,0.012125,5.5,Y,IM,Y,insects,1,Pria_12,
Summer,01/08/2018,2018-08-01,Hawk Cliff,haw.c,Individual,CC,212,44,HC2-18-CC-44,1,85,85,91,91,0.0154,7,0.015432,7,Y,M,Y,"algae, insect",1,Pria_13,
Summer,01/08/2018,2018-08-01,Hawk Cliff,haw.c,Individual,CC,212,45,HC2-18-CC-45,1,80,80,85,85,0.0132,6,0.013228,6,N,NA,NA,NA,3,NA,
Summer,01/08/2018,2018-08-01,Hawk Cliff,haw.c,Individual,CC,212,46,HC2-18-CC-46,1,125,125,132,132,0.0507,23,0.050706,23,N,NA,NA,NA,3,NA,
Summer,01/08/2018,2018-08-01,Hawk Cliff,haw.c,Individual,CC,212,47,HC2-18-CC-47,1,101,101,111,111,0.0287,13,0.02866,13,N,NA,NA,NA,3,NA,
Summer,01/08/2018,2018-08-01,Hawk Cliff,haw.c,Individual,CC,212,48,HC2-18-CC-48,1,92,92,95,95,0.0198,9,0.019842,9,N,NA,NA,NA,3,NA,
Summer,01/08/2018,2018-08-01,Hawk Cliff,haw.c,Individual,CC,212,49,HC2-18-CC-49,1,75,75,80,80,0.011,5,0.011023,5,Y,M,Y,"algae, insect",1,Pria_14,
Summer,01/08/2018,2018-08-01,Hawk Cliff,haw.c,Individual,CC,212,50,HC2-18-CC-50,1,102,102,109,109,0.0254,11.5,0.025353,11.5,N,NA,NA,NA,3,NA,
Summer,01/08/2018,2018-08-01,Hawk Cliff,haw.c,Individual,CC,212,51,HC2-18-CC-51,1,85,85,86,86,0.0132,6,0.013228,6,N,NA,NA,NA,3,NA,
Summer,01/08/2018,2018-08-01,Hawk Cliff,haw.c,Individual,CC,212,52,HC2-18-CC-52,1,85,85,90,90,0.0187,8.5,0.018739,8.5,N,NA,NA,NA,3,NA,
Summer,01/08/2018,2018-08-01,Hawk Cliff,haw.c,Individual,CC,212,53,HC2-18-CC-53,1,56,56,91,91,0.0209,9.5,0.020944,9.5,N,NA,NA,NA,3,NA,
Summer,01/08/2018,2018-08-01,Hawk Cliff,haw.c,Individual,CC,212,54,HC2-18-CC-54,1,83,83,60,60,0.0044,2,0.004409,2,N,NA,NA,NA,3,NA,
Summer,01/08/2018,2018-08-01,Hawk Cliff,haw.c,Individual,CC,212,55,HC2-18-CC-55,1,68,68,88,88,0.0154,7,0.015432,7,N,NA,NA,NA,3,NA,
Summer,01/08/2018,2018-08-01,Hawk Cliff,haw.c,Individual,CC,212,56,HC2-18-CC-56,1,92,92,72,72,0.0055,2.5,0.005512,2.5,N,NA,NA,NA,3,NA,
Summer,01/08/2018,2018-08-01,Hawk Cliff,haw.c,Individual,CC,212,57,HC2-18-CC-57,1,60,60,98,98,0.022,10,0.022046,10,N,NA,NA,NA,3,NA,
Summer,01/08/2018,2018-08-01,Hawk Cliff,haw.c,Individual,CC,212,58,HC2-18-CC-58,1,72,72,65,65,0.0066,3,0.006614,3,N,NA,NA,NA,3,NA,
Summer,01/08/2018,2018-08-01,Hawk Cliff,haw.c,Individual,CC,212,59,HC2-18-CC-59,1,33,33,76,76,0.0088,4,0.008818,4,Y,IM,Y,"insects, parasite, white goo",1,Pria_15,
Summer,01/08/2018,2018-08-01,Hawk Cliff,haw.c,Individual,CC,212,60,HC2-18-CC-60,1,30,30,67,67,0.0066,3,0.006614,3,Y,IM,Y,"insects, parasite",1,Pria_16,
Summer,01/08/2018,2018-08-01,Hawk Cliff,haw.c,Individual,CC,212,61,HC2-18-CC-61,1,60,60,63,63,0.0055,2.5,0.005512,2.5,Y,IM,Y,"parasite, empty",1,Pria_17,
Summer,01/08/2018,2018-08-01,Hawk Cliff,haw.c,Individual,CC,212,62,HC2-18-CC-62,1,87,87,92,92,0.0165,7.5,0.016535,7.5,Y,IM,Y,"insects, parasite",2,Pria_18,
Summer,01/08/2018,2018-08-01,Hawk Cliff,haw.c,Individual,CC,212,63,HC2-18-CC-63,1,98,98,105,105,0.0243,11,0.024251,11,Y,IM,Y,"insects, parasite, white goo",2,Pria_19,
Summer,01/08/2018,2018-08-01,Hawk Cliff,haw.c,Individual,CC,212,64,HC2-18-CC-64,1,135,135,144,144,0.0661,30,0.066139,30,Y,M,Y,"insects, parasite, white goo",2,Pria_20,
Summer,01/08/2018,2018-08-01,Hawk Cliff,haw.c,Bulk,CC,212,Bulk,NA,11,35,35,37,37,0.0099,4.5,0.000902,0.4,N,NA,NA,NA,2,NA,
Summer,01/08/2018,2018-08-01,Hawk Cliff,haw.c,Bulk,CC,212,Bulk,NA,14,63,63,35,35,0.011,5,0.000787,0.4,N,NA,NA,NA,3,NA,
Summer,01/08/2018,2018-08-01,Hawk Cliff,haw.c,Bulk,CC,212,Bulk,NA,19,27,27,29,29,0.0055,2.5,0.00029,0.1,N,NA,NA,NA,1,NA,
Summer,31/07/2018,2018-07-31,Perl 4,per4.f,Individual,BND,630,1,EP42-18-BND-1,1,76,76,80,80,0.0121,5.5,0.012125,5.5,Y,M,Y,algae,1,NA,
Summer,31/07/2018,2018-07-31,Perl 4,per4.f,Individual,BND,630,2,EP42-18-BND-2,1,49,49,52,52,0.0033,1.5,0.003307,1.5,Y,IM,Y,algae,1,NA,
Summer,31/07/2018,2018-07-31,Perl 4,per4.f,Individual,BND,630,3,EP42-18-BND-3,1,43,43,45,45,0.0022,1,0.002205,1,Y,UNK,Y,UNK,1,NA,
Summer,31/07/2018,2018-07-31,Perl 4,per4.f,Individual,BND,630,4,EP42-18-BND-4,1,50,50,51,51,0.0033,1.5,0.003307,1.5,Y,IM,Y,algae,1,NA,
Summer,31/07/2018,2018-07-31,Perl 4,per4.f,Individual,BND,630,5,EP42-18-BND-5,1,44,44,47,47,0.0022,1,0.002205,1,Y,IM,Y,algae,1,NA,
Summer,31/07/2018,2018-07-31,Perl 4,per4.f,Individual,BND,630,6,EP42-18-BND-6,1,44,44,47,47,0.0022,1,0.002205,1,Y,IM,Y,detritus,1,NA,
Summer,31/07/2018,2018-07-31,Perl 4,per4.f,Individual,BND,630,7,EP42-18-BND-7,1,47,47,49,49,0.0033,1.5,0.003307,1.5,Y,IM,Y,Unidentifiable,1,NA,
Summer,31/07/2018,2018-07-31,Perl 4,per4.f,Individual,BND,630,8,EP42-18-BND-8,1,35,35,37,37,0.0011,0.5,0.001102,0.5,N,NA,NA,NA,UNK,NA,
Summer,31/07/2018,2018-07-31,Perl 4,per4.f,Individual,BND,630,9,EP42-18-BND-9,1,23,23,23.5,23.5,too small,<0.5,too small,<0.5,N,NA,NA,NA,UNK,NA,
Summer,31/07/2018,2018-07-31,Perl 4,per4.f,Individual,BND,630,10,EP42-18-BND-10,1,76,76,81,81,0.0121,5.5,0.012125,5.5,Y,M,Y,plant matter/insects,UNK,NA,
Summer,31/07/2018,2018-07-31,Perl 4,per4.f,Individual,BND,630,11,EP42-18-BND-11,1,46,46,49,49,0.0022,1,0.002205,1,N,NA,NA,NA,3,NA,
Summer,31/07/2018,2018-07-31,Perl 4,per4.f,Individual,BND,630,12,EP42-18-BND-12,1,29,29,30,30,too small,<0.5,too small,<0.5,N,NA,NA,NA,3,NA,
Summer,31/07/2018,2018-07-31,Perl 4,per4.f,Individual,BND,630,13,EP42-18-BND-13,1,40,40,42,42,0.0022,1,0.002205,1,N,NA,NA,NA,3,NA,
Summer,31/07/2018,2018-07-31,Perl 4,per4.f,Individual,BND,630,14,EP42-18-BND-14,1,38,38,40,40,0.0011,0.5,0.001102,0.5,N,NA,NA,NA,3,NA,
Summer,31/07/2018,2018-07-31,Perl 4,per4.f,Individual,BND,630,15,EP42-18-BND-15,1,72,72,77,77,0.011,5,0.011023,5,Y,F,Y,empty,3,NA,
Summer,31/07/2018,2018-07-31,Perl 4,per4.f,Individual,BND,630,16,EP42-18-BND-16,1,UNK,UNK,UNK,UNK,UNK,UNK,UNK,UNK,Y,F,Y,detritus,1,NA,
Summer,31/07/2018,2018-07-31,Perl 4,per4.f,Bulk,BS,281,Bulk,NA,67,NA,NA,UNK,UNK,0.0728,33,0.001086,0.5,N,NA,NA,NA,1,NA,
Summer,31/07/2018,2018-07-31,Perl 4,per4.f,Individual,BS,281,1,EP42-18-BS-1,1,NA,NA,47,47,0.0033,1.5,0.003307,1.5,Y,M,Y,gastropod/rocks,UNK,NA,
Summer,31/07/2018,2018-07-31,Perl 4,per4.f,Individual,BS,281,2,EP42-18-BS-2,1,NA,NA,36,36,0.0011,0.5,0.001102,0.5,N,NA,NA,NA,UNK,NA,
Summer,31/07/2018,2018-07-31,Perl 4,per4.f,Individual,BS,281,3,EP42-18-BS-3,1,NA,NA,38,38,0.0011,0.5,0.001102,0.5,Y,IM,Y,detritus/worm,UNK,NA,
Summer,31/07/2018,2018-07-31,Perl 4,per4.f,Individual,BS,281,4,EP42-18-BS-4,1,NA,NA,38,38,0.0011,0.5,0.001102,0.5,Y,IM,Y,algae,UNK,NA,
Summer,31/07/2018,2018-07-31,Perl 4,per4.f,Individual,BS,281,5,EP42-18-BS-5,1,NA,NA,41,41,0.0011,0.5,0.001102,0.5,Y,M,Y,algae/insect,UNK,NA,
Summer,31/07/2018,2018-07-31,Perl 4,per4.f,Individual,BS,281,6,EP42-18-BS-6,1,NA,NA,41,41,0.0011,0.5,0.001102,0.5,Y,IM,Y,detritus,UNK,NA,
Summer,31/07/2018,2018-07-31,Perl 4,per4.f,Individual,BS,281,7,EP42-18-BS-7,1,NA,NA,35,35,0.0011,0.5,0.001102,0.5,N,NA,NA,NA,UNK,NA,
Summer,31/07/2018,2018-07-31,Perl 4,per4.f,Individual,BS,281,8,EP42-18-BS-8,1,NA,NA,33,33,0.0011,0.5,0.001102,0.5,N,NA,NA,NA,UNK,NA,
Summer,31/07/2018,2018-07-31,Perl 4,per4.f,Individual,BS,281,9,EP42-18-BS-9,1,NA,NA,35,35,0.0011,0.5,0.001102,0.5,N,NA,NA,NA,UNK,NA,
Summer,31/07/2018,2018-07-31,Perl 4,per4.f,Individual,BS,281,10,EP42-18-BS-10,1,NA,NA,30,30,too small,<0.5,too small,<0.5,N,NA,NA,NA,UNK,NA,
Summer,31/07/2018,2018-07-31,Perl 4,per4.f,Bulk,BS,281,Bulk,NA,33,NA,NA,UNK,UNK,0.0176,8,0.000534,0.2,N,NA,NA,NA,UNK,NA,
Summer,31/07/2018,2018-07-31,Perl 4,per4.f,Individual,BS,281,11,EP42-18-BS-11,1,NA,NA,41,41,0.0011,0.5,0.001102,0.5,N,NA,NA,NA,UNK,NA,
Summer,31/07/2018,2018-07-31,Perl 4,per4.f,Individual,BS,281,12,EP42-18-BS-12,1,NA,NA,39,39,0.0011,0.5,0.001102,0.5,N,NA,NA,NA,UNK,NA,
Summer,31/07/2018,2018-07-31,Perl 4,per4.f,Individual,BS,281,13,EP42-18-BS-13,1,NA,NA,43,43,0.0011,0.5,0.001102,0.5,N,NA,NA,NA,UNK,NA,
Summer,31/07/2018,2018-07-31,Perl 4,per4.f,Bulk,BS,281,Bulk,NA,33,NA,NA,UNK,UNK,0.0485,22,0.00147,0.7,N,NA,NA,NA,UNK,NA,
Summer,31/07/2018,2018-07-31,Perl 4,per4.f,Individual,BS,281,14,EP42-18-BS-14,1,NA,NA,56,56,0.0044,2,0.004409,2,Y,IM,Y,algae,UNK,NA,
Summer,31/07/2018,2018-07-31,Perl 4,per4.f,Individual,BS,281,15,EP42-18-BS-15,1,NA,NA,53,53,0.0033,1.5,0.003307,1.5,Y,M,Y,detritus,UNK,NA,
Summer,31/07/2018,2018-07-31,Perl 4,per4.f,Individual,BS,281,16,EP42-18-BS-16,1,NA,NA,44,44,0.0022,1,0.002205,1,Y,IM,Y,gastropod/algae,UNK,NA,
Summer,31/07/2018,2018-07-31,Perl 4,per4.f,Individual,BS,281,17,EP42-18-BS-17,1,NA,NA,36,36,0.0011,0.5,0.001102,0.5,Y,IM,Y,UNK,UNK,NA,
Summer,31/07/2018,2018-07-31,Perl 4,per4.f,Individual,BS,281,18,EP42-18-BS-18,1,NA,NA,49,49,0.0022,1,0.002205,1,N,NA,NA,NA,3,NA,
Summer,31/07/2018,2018-07-31,Perl 4,per4.f,Individual,BS,281,19,EP42-18-BS-19,1,NA,NA,51,51,0.0033,1.5,0.003307,1.5,N,NA,NA,NA,3,NA,
Summer,31/07/2018,2018-07-31,Perl 4,per4.f,Individual,BS,281,20,EP42-18-BS-20,1,NA,NA,42,42,0.0011,0.5,0.001102,0.5,N,NA,NA,NA,3,NA,
Summer,31/07/2018,2018-07-31,Perl 4,per4.f,Individual,BS,281,21,EP42-18-BS-21,1,NA,NA,40,40,0.0011,0.5,0.001102,0.5,N,NA,NA,NA,3,NA,
Summer,31/07/2018,2018-07-31,Perl 4,per4.f,Individual,BS,281,22,EP42-18-BS-22,1,NA,NA,42,42,0.0022,1,0.002205,1,N,NA,NA,NA,3,NA,
Summer,31/07/2018,2018-07-31,Perl 4,per4.f,Individual,BS,281,23,EP42-18-BS-23,1,NA,NA,35,35,0.0011,0.5,0.001102,0.5,N,NA,NA,NA,3,NA,
Summer,31/07/2018,2018-07-31,Perl 4,per4.f,Bulk,BS,281,Bulk,NA,17,NA,NA,UNK,UNK,0.0198,9,0.001167,0.5,N,NA,NA,NA,3,NA,
Summer,31/07/2018,2018-07-31,Perl 4,per4.f,Individual,BS,281,24,EP42-18-BS-24,1,NA,NA,29,29,too small,<0.5,too small,<0.5,N,NA,NA,NA,3,NA,
Summer,31/07/2018,2018-07-31,Perl 4,per4.f,Individual,BS,281,25,EP42-18-BS-25,1,NA,NA,30,30,too small,<0.5,too small,<0.5,N,NA,NA,NA,3,NA,
Summer,31/07/2018,2018-07-31,Perl 4,per4.f,Individual,BS,281,26,EP42-18-BS-26,1,NA,NA,20,20,too small,<0.5,too small,<0.5,N,NA,NA,NA,3,NA,
Summer,31/07/2018,2018-07-31,Perl 4,per4.f,Bulk,BS,281,Bulk,NA,32,NA,NA,UNK,UNK,0.0198,9,0.00062,0.3,N,NA,NA,NA,3,NA,
Summer,31/07/2018,2018-07-31,Perl 4,per4.f,Individual,CC,212,1,EP42-18-CC-1,1,104,104,110,110,0.032,14.5,0.031967,14.5,Y,F,Y,detritus/insects,1,Pria_1,
Summer,31/07/2018,2018-07-31,Perl 4,per4.f,Bulk,CC,212,Bulk,NA,129,UNK,UNK,UNK,UNK,0.0595,27,0.000461,0.2,N,NA,NA,NA,1,NA,
Summer,31/07/2018,2018-07-31,Perl 4,per4.f,Individual,CC,212,2,EP42-18-CC-2,1,136,136,144,144,0.0717,32.5,0.07165,32.5,Y,M,Y,detritus,2,Pria_2,
Summer,31/07/2018,2018-07-31,Perl 4,per4.f,Individual,CC,212,3,EP42-18-CC-3,1,110,110,112,112,0.0353,16,0.035274,16,Y,F,Y,detritus/insects,2,Pria_3,
Summer,31/07/2018,2018-07-31,Perl 4,per4.f,Bulk,CC,212,Bulk-2,NA,60,UNK,UNK,UNK,UNK,0.0231,10.5,0.000386,0.2,N,NA,NA,NA,UNK,NA,
Summer,31/07/2018,2018-07-31,Perl 4,per4.f,Individual,CC,212,4,EP42-18-CC-4,1,24,24,26,26,too small,<0.5,too small,<0.5,N,NA,NA,NA,3,NA,
Summer,31/07/2018,2018-07-31,Perl 4,per4.f,Individual,CC,212,5,EP42-18-CC-5,1,27,27,29,29,too small,<0.5,too small,<0.5,N,NA,NA,NA,3,NA,
Summer,31/07/2018,2018-07-31,Perl 4,per4.f,Individual,CC,212,6,EP42-18-CC-6,1,27,27,29,29,too small,<0.5,too small,<0.5,N,NA,NA,NA,3,NA,
Summer,31/07/2018,2018-07-31,Perl 4,per4.f,Individual,CC,212,7,EP42-18-CC-7,1,164,164,172,172,0.1202,54.5,0.120152,54.5,Y,M,Y,detritus/insects/parasitic worm,3,Pria_4,
Summer,31/07/2018,2018-07-31,Perl 4,per4.f,Bulk,CC,212,Bulk-3,NA,12,UNK,UNK,UNK,UNK,0.0011,0.5,0.000092,0,N,NA,NA,NA,3,NA,
Summer,31/07/2018,2018-07-31,Perl 4,per4.f,Bulk,CC,212,Bulk-4,NA,34,UNK,UNK,UNK,UNK,0.0132,6,0.000389,0.2,N,NA,NA,NA,3,NA,
Summer,31/07/2018,2018-07-31,Perl 4,per4.f,Individual,CC,212,8,EP42-18-CC-8,1,132,132,137,137,0.0595,27,0.059525,27,Y,F,Y,detritus/insects,3,Pria_5,
Summer,31/07/2018,2018-07-31,Perl 4,per4.f,Individual,CC,212,9,EP42-18-CC-9,1,130,130,136,136,0.0617,28,0.061729,28,Y,F,Y,detritus/insects/white goo,Spot Check,Pria_6,
Summer,31/07/2018,2018-07-31,Perl 4,per4.f,Individual,CC,212,10,EP42-18-CC-10,1,90,90,97,97,0.0187,8.5,0.018739,8.5,Y,M,Y,detritus/insects,Spot Check,Pria_7,
Summer,31/07/2018,2018-07-31,Perl 4,per4.f,Individual,CC,212,11,EP42-18-CC-11,1,128,128,134,134,0.0573,26,0.05732,26,Y,F,Y,insects/worm,Spot Check,Pria_8,
Summer,31/07/2018,2018-07-31,Perl 4,per4.f,Individual,CC,212,12,EP42-18-CC-12,1,91,91,96,96,0.022,10,0.022046,10,Y,F,Y,insects,Spot Check,Pria_9,
Summer,31/07/2018,2018-07-31,Perl 4,per4.f,Individual,CC,212,13,EP42-18-CC-13,1,113,113,120,120,0.0364,16.5,0.036376,16.5,Y,F,Y,insects,Spot Check,Pria_10,
Summer,27/07/2018,2018-07-27,Taylor,tay.f,Bulk,BS ,281,NA,NA,63,NA,NA,UNK,UNK,0.0198,9,0.000315,0.1429,N,NA,N,NA,1,NA,
Summer,27/07/2018,2018-07-27,Taylor,tay.f,Bulk,BS ,281,NA,NA,30,NA,NA,UNK,UNK,0.0088,4,0.000294,0.1333,N,NA,N,NA,2,NA,
Summer,27/07/2018,2018-07-27,Taylor,tay.f,Individual,CC,212,1,AT2-18-CC-1,1,110,110,115,115,0.0364,16.5,0.036376,16.5,Y,M,Y,"detritus, fish, insects",1,Pria_1,
Summer,27/07/2018,2018-07-27,Taylor,tay.f,Individual,CC,212,2,AT2-18-CC-2,1,67,67,71,71,0.0099,4.5,0.009921,4.5,Y,IM,Y,"detritus, insects",1,Pria_2,
Summer,27/07/2018,2018-07-27,Taylor,tay.f,Individual,CC,212,3,AT2-18-CC-3,1,62,62,66,66,0.0088,4,0.008818,4,Y,IM,Y,"detritus, insects",1,Pria_3,
Summer,27/07/2018,2018-07-27,Taylor,tay.f,Bulk,CC,212,NA,NA,19,UNK,UNK,UNK,UNK,0.0198,9,0.001044,0.4737,N,NA,N,NA,1,NA,
Summer,27/07/2018,2018-07-27,Taylor,tay.f,Individual,CC,212,23,AT2-18-CC-23,1,66,66,70,70,0.0088,4,0.008818,4,Y,M,Y,detritus,1,Pria_4,
Summer,27/07/2018,2018-07-27,Taylor,tay.f,Individual,CC,212,24,AT2-18-CC-24,1,55,55,57,57,0.0055,2.5,0.005512,2.5,Y,IM,Y,"detritus, insects",1,Pria_5,
Summer,27/07/2018,2018-07-27,Taylor,tay.f,Individual,CC,212,25,AT2-18-CC-25,1,64,64,69,69,0.0088,4,0.008818,4,Y,M,Y,detritus,1,Pria_6,
Summer,27/07/2018,2018-07-27,Taylor,tay.f,Individual,CC,212,26A,AT2-18-CC-26A,1,39,39,41,41,0.0022,1,0.002205,1,Y,IM,Y,empty,1,NA,
Summer,27/07/2018,2018-07-27,Taylor,tay.f,Individual,CC,212,27,AT2-18-CC-27,1,59,59,62,62,0.0066,3,0.006614,3,Y,IM,Y,empty,2,Pria_8,
Summer,27/07/2018,2018-07-27,Taylor,tay.f,Individual,CC,212,28,AT2-18-CC-28,1,64,64,67,67,0.0077,3.5,0.007716,3.5,Y,M,Y,"detritus, insects",2,Pria_9,
Summer,27/07/2018,2018-07-27,Taylor,tay.f,Individual,CC,212,29,AT2-18-CC-29,1,61,61,64,64,0.0066,3,0.006614,3,Y,M,Y,brown goo,2,Pria_10,
Summer,27/07/2018,2018-07-27,Taylor,tay.f,Individual,CC,212,26B,AT2-18-CC-26B,1,49,49,51,51,0.0044,2,0.004409,2,Y,M,Y,detritus,2,Pria_7,
Summer,27/07/2018,2018-07-27,Taylor,tay.f,Individual,CC,212,30,AT2-18-CC-30,1,42,42,44,44,0.0022,1,0.002205,1,Y,UNK,Y,UNK,2,Pria_11,
Summer,27/07/2018,2018-07-27,Taylor,tay.f,Individual,CC,212,31,AT2-18-CC-31,1,35,35,36,36,0.0011,0.5,0.001102,0.5,Y,IM,Y,detritus,2,Pria_12,
Summer,27/07/2018,2018-07-27,Taylor,tay.f,Individual,CC,212,32,AT2-18-CC-32,1,68,68,73,73,0.0099,4.5,0.009921,4.5,Y,M,Y,"detritus, insects",2,Pria_13,
Summer,27/07/2018,2018-07-27,Taylor,tay.f,Individual,CC,212,33,AT2-18-CC-33,1,50,50,51,51,0.0033,1.5,0.003307,1.5,Y,IM,Y,"algae, insects",2,Pria_14,
Summer,27/07/2018,2018-07-27,Taylor,tay.f,Individual,CC,212,34,AT2-18-CC-34,1,41,41,45,45,0.0022,1,0.002205,1,Y,IM,Y,detritus,2,Pria_15,
Summer,27/07/2018,2018-07-27,Taylor,tay.f,Individual,CC,212,35,AT2-18-CC-35,1,43,43,46,46,0.0033,1.5,0.003307,1.5,Y,IM,Y,"algae, insects",2,Pria_16,
Summer,27/07/2018,2018-07-27,Taylor,tay.f,Individual,CC,212,36,AT2-18-CC-36,1,45,45,49,49,0.0033,1.5,0.003307,1.5,Y,IM,Y,"algae, insects",2,Pria_17,
Summer,27/07/2018,2018-07-27,Taylor,tay.f,Individual,CC,212,37,AT2-18-CC-37,1,46,46,49,49,0.0033,1.5,0.003307,1.5,Y,IM,Y,insects,2,Pria_18,
Summer,27/07/2018,2018-07-27,Taylor,tay.f,Individual,CC,212,38,AT2-18-CC-38,1,39,39,41,41,0.0022,1,0.002205,1,Y,IM,Y,insects,2,Pria_19,
Summer,27/07/2018,2018-07-27,Taylor,tay.f,Individual,CC,212,39,AT2-18-CC-39,1,41,41,44,44,0.0022,1,0.002205,1,Y,UNK,Y,UNK,2,Pria_20,
Summer,27/07/2018,2018-07-27,Taylor,tay.f,Individual,CC,212,40,AT2-18-CC-40,1,57,57,60,60,0.0066,3,0.006614,3,Y,UNK,Y,UNK,2,Pria_21,
Summer,27/07/2018,2018-07-27,Taylor,tay.f,Individual,CC,212,41,AT2-18-CC-41,1,58,58,55,55,0.0055,2.5,0.005512,2.5,Y,M,Y,"insects, algae",2,Pria_22,
Summer,27/07/2018,2018-07-27,Taylor,tay.f,Bulk,WS,163,NA,NA,26,UNK,UNK,UNK,UNK,0.0265,12,0.001018,0.4615,N,NA,N,NA,1,NA,
Summer,27/07/2018,2018-07-27,Taylor,tay.f,Bulk,WS,163,NA,NA,5,UNK,UNK,UNK,UNK,0.0044,2,0.000882,0.4,N,NA,N,NA,1,NA,
Summer,27/07/2018,2018-07-27,Taylor,tay.f,Individual,WS,163,32,AT2-18-WS-32,1,44,44,46,46,0.0022,1,0.002205,1,Y,NA,Y,NA,2,NA,
Summer,27/07/2018,2018-07-27,Taylor,tay.f,Individual,WS,163,33,AT2-18-WS-33,1,52,52,54,54,0.0044,2,0.004409,2,Y,NA,Y,NA,2,NA,
Summer,27/07/2018,2018-07-27,Taylor,tay.f,Individual,WS,163,34,AT2-18-WS-34,1,49,49,51,51,0.0022,1,0.002205,1,Y,NA,Y,NA,2,NA,
Summer,27/07/2018,2018-07-27,Taylor,tay.f,Individual,WS,163,35,AT2-18-WS-35,1,39,39,41,41,0.0011,0.5,0.001102,0.5,Y,NA,Y,NA,2,NA,
Summer,27/07/2018,2018-07-27,Taylor,tay.f,Individual,WS,163,36,AT2-18-WS-36,1,38,38,40,40,0.0011,0.5,0.001102,0.5,Y,NA,Y,NA,2,NA,
Summer,27/07/2018,2018-07-27,Taylor,tay.f,Individual,WS,163,37,AT2-18-WS-37,1,39,39,41,41,0.0022,1,0.002205,1,Y,NA,Y,NA,2,NA,
Summer,27/07/2018,2018-07-27,Taylor,tay.f,Individual,WS,163,38,AT2-18-WS-38,1,46,46,49,49,0.0022,1,0.002205,1,Y,NA,Y,NA,2,NA,
Summer,27/07/2018,2018-07-27,Taylor,tay.f,Individual,WS,163,39,AT2-18-WS-39,1,35,35,36,36,0.0011,0.5,0.001102,0.5,Y,NA,Y,NA,2,NA,
Summer,27/07/2018,2018-07-27,Taylor,tay.f,Individual,WS,163,40,AT2-18-WS-40,1,UNK,UNK,UNK,UNK,0.0353,16,0.035274,16,N,NA,NA,NA,2,NA,
Summer,27/07/2018,2018-07-27,Taylor,tay.f,Individual,WS,163,41,AT2-18-WS-41,1,47,47,49,49,0.0033,1.5,0.003307,1.5,Y,NA,Y,NA,3,NA,
Summer,27/07/2018,2018-07-27,Taylor,tay.f,Individual,WS,163,42,AT2-18-WS-42,1,46,46,49,49,0.0022,1,0.002205,1,Y,NA,Y,NA,3,NA,
Fall,23/10/2018,2018-10-23,Hawk Cliff,haw.c,Individual,BND,630,1,HC3-18-BND-1,1,42,42,45,45,0.0016,0.74,0.001631,0.7,Y,F,Y,insects,1,NA,
Fall,23/10/2018,2018-10-23,Hawk Cliff,haw.c,Individual,BND,630,2,HC3-18-BND-2,1,40,40,44,44,0.0017,0.76,0.001676,0.8,Y,F,Y,algae,1,NA,
Fall,23/10/2018,2018-10-23,Hawk Cliff,haw.c,Individual,BND,630,3,HC3-18-BND-3,1,58,58,63,63,0.0051,2.31,0.005093,2.3,Y,F,Y,insects,1,NA,strange red blotch (large) in muscle
Fall,23/10/2018,2018-10-23,Hawk Cliff,haw.c,Individual,BND,630,4,HC3-18-BND-4,1,39,39,44,44,0.0016,0.74,0.001631,0.7,Y,F,Y,insects,1,NA,
Fall,23/10/2018,2018-10-23,Hawk Cliff,haw.c,Individual,BND,630,5,HC3-18-BND-5,1,60,60,65,65,0.0056,2.53,0.005578,2.5,Y,M,Y,"insects, algae",1,NA,
Fall,23/10/2018,2018-10-23,Hawk Cliff,haw.c,Individual,BND,630,6,HC3-18-BND-6,1,43,43,46,46,0.0018,0.82,0.001808,0.8,Y,F,Y,"insects, algae",1,NA,
Fall,23/10/2018,2018-10-23,Hawk Cliff,haw.c,Individual,BND,630,7,HC3-18-BND-7,1,64,64,69,69,0.0067,3.06,0.006746,3.1,Y,M,Y,insects,1,NA,
Fall,23/10/2018,2018-10-23,Hawk Cliff,haw.c,Individual,BND,630,8,HC3-18-BND-8,1,41,41,44,44,0.0017,0.77,0.001698,0.8,Y,M,Y,insects,2,NA,
Fall,23/10/2018,2018-10-23,Hawk Cliff,haw.c,Individual,BND,630,9,HC3-18-BND-9,1,40,40,43,43,0.0015,0.67,0.001477,0.7,Y,F,Y,Unidentifiable,2,NA,
Fall,23/10/2018,2018-10-23,Hawk Cliff,haw.c,Individual,BND,630,10,HC3-18-BND-10,1,39,39,43,43,0.0016,0.74,0.001631,0.7,Y,F,Y,algae,2,NA,red dot parasites
Fall,23/10/2018,2018-10-23,Hawk Cliff,haw.c,Individual,BND,630,11,HC3-18-BND-11,1,62,62,66,66,0.0065,2.94,0.006482,2.9,Y,M,Y,algae,2,NA,
Fall,23/10/2018,2018-10-23,Hawk Cliff,haw.c,Individual,CC,212,4,HC3-18-CC-4,1,68,68,73,73,0.0076,3.46,0.007628,3.5,Y,M,Y,insect (damselfly),1,NA,
Fall,23/10/2018,2018-10-23,Hawk Cliff,haw.c,Individual,CC,212,5,HC3-18-CC-5,1,98,98,104,104,0.0237,10.74,0.023678,10.7,Y,M,Y,insect (chironomids),1,NA,
Fall,23/10/2018,2018-10-23,Hawk Cliff,haw.c,Individual,CC,212,6,HC3-18-CC-6,1,82,82,87,87,0.0134,6.08,0.013404,6.1,Y,M,Y,insects (lots),1,NA,
Fall,23/10/2018,2018-10-23,Hawk Cliff,haw.c,Individual,CC,212,7,HC3-18-CC-7,1,65,65,71,71,0.0063,2.88,0.006349,2.9,Y,F,Y,insects,1,NA,black gonads
Fall,23/10/2018,2018-10-23,Hawk Cliff,haw.c,Individual,CC,212,8,HC3-18-CC-8,1,62,62,66,66,0.0057,2.59,0.00571,2.6,Y,F,Y,insects,1,NA,
Fall,23/10/2018,2018-10-23,Hawk Cliff,haw.c,Individual,CC,212,9,HC3-18-CC-9,1,53,53,57,57,0.0038,1.72,0.003792,1.7,Y,F,Y,insects,1,NA,
Fall,23/10/2018,2018-10-23,Hawk Cliff,haw.c,Individual,CC,212,10,HC3-18-CC-10,1,66,66,71,71,0.0067,3.02,0.006658,3,Y,M,Y,insects,1,NA,red parasite spots
Fall,23/10/2018,2018-10-23,Hawk Cliff,haw.c,Individual,CC,212,11,HC3-18-CC-11,1,73,73,78,78,0.0101,4.58,0.010097,4.6,Y,M,Y,insects,2,NA,
Fall,23/10/2018,2018-10-23,Hawk Cliff,haw.c,Individual,CC,212,12,HC3-18-CC-12,1,66,66,72,72,0.0073,3.3,0.007275,3.3,Y,F,Y,insects,2,NA,
Fall,23/10/2018,2018-10-23,Hawk Cliff,haw.c,Individual,CC,212,13,HC3-18-CC-13,1,101,101,108,108,0.0218,9.91,0.021848,9.9,Y,M,Y,insects (lots),2,NA,
Fall,26/10/2018,2018-10-26,Perl 4,per4.f,Individual,BND,630,1,EP43-18-BND-1,1,34,34,35,35,0.0011,0.5,0.001102,0.5,Y,IM,Y (tail),"almost empty, (algae?)",1,NA,
Fall,26/10/2018,2018-10-26,Perl 4,per4.f,Individual,BND,630,2,EP43-18-BND-2,1,60,60,63,63,0.0055,2.5,0.005512,2.5,Y,M,Y,unidentifiable/almost empty,1,NA,
Fall,26/10/2018,2018-10-26,Perl 4,per4.f,Bulk,BND,630,Bulk-1,NA,16,"28, 27, 25",26.66666667,"30, 29, 26",28.33333333,0.0077,3.5,0.000482,0.2,N,NA,NA,NA,1,NA,
Fall,26/10/2018,2018-10-26,Perl 4,per4.f,Individual,BND,630,3,EP43-18-BND-3,1,34,34,35,35,0.0011,0.5,0.001102,0.5,Y,IM,Y (tail),Unidentifiable,2,NA,
Fall,26/10/2018,2018-10-26,Perl 4,per4.f,Individual,BND,630,4,EP43-18-BND-4,1,31,31,33,33,0.0011,0.5,0.001102,0.5,Y,IM,Y (tail),empty,2,NA,
Fall,26/10/2018,2018-10-26,Perl 4,per4.f,Individual,BND,630,5,EP43-18-BND-5,1,34,34,36,36,0.0011,0.5,0.001102,0.5,Y,IM,Y (tail),empty,2,NA,
Fall,26/10/2018,2018-10-26,Perl 4,per4.f,Bulk,BND,630,Bulk-2,NA,7,"36, 33, 30",33,"37, 35, 31",34.33333333,0.0022,1,0.000315,0.1,N,NA,NA,NA,2,NA,
Fall,26/10/2018,2018-10-26,Perl 4,per4.f,Individual,BND,630,6A,EP43-18-BND-6A,1,32,32,34,34,0.0011,0.5,0.001102,0.5,Y,IM,Y (tail),UNK,2,NA,"*have 2 BND-6 recorded, not clear which dissection is which, same sex but can't know which stomach contents come from which fish, so left as UNK"
Fall,26/10/2018,2018-10-26,Perl 4,per4.f,Individual,BND,630,6B,EP43-18-BND-6A,1,30,30,32,32,0.0011,0.5,0.001102,0.5,Y,IM,Y (tail),UNK,3,NA,"*have 2 BND-6 recorded, not clear which dissection is which, same sex but can't know which stomach contents come from which fish, so left as UNK"
Fall,26/10/2018,2018-10-26,Perl 4,per4.f,Individual,BND,630,7,EP43-18-BND-7,1,30,30,31,31,0.0011,0.5,0.001102,0.5,Y,IM,Y (tail),algae,3,NA,
Fall,26/10/2018,2018-10-26,Perl 4,per4.f,Bulk,BND,630,Bulk,NA,9,"25, 27, 28",26.66666667,"26, 29, 30",28.33333333,0.0022,1,0.000245,0.1,N,NA,NA,NA,3,NA,
Fall,26/10/2018,2018-10-26,Perl 4,per4.f,Bulk,BS,281,Bulk-1,NA,6,NA,NA,"36, 35, 33 ",34.66666667,0.0055,2.5,0.000919,0.4,N,NA,NA,NA,1,NA,
Fall,26/10/2018,2018-10-26,Perl 4,per4.f,Bulk,BS,281,Bulk-2,NA,5,NA,NA,"36, 40, 39",38.33333333,0.0066,3,0.001323,0.6,N,NA,NA,NA,1,NA,
Fall,26/10/2018,2018-10-26,Perl 4,per4.f,Individual,BS,281,1,EP43-18-BS-1,1,NA,NA,49,49,0.0011,0.5,0.001102,0.5,Y,IM,Y (tail),chironomids,1,NA,
Fall,26/10/2018,2018-10-26,Perl 4,per4.f,Bulk,BS,281,Bulk-3,NA,7,NA,NA,"29, 33, 32",31.33333333,0.0011,0.5,0.000157,0.1,N,NA,NA,NA,1,NA,
Fall,26/10/2018,2018-10-26,Perl 4,per4.f,Individual,BS,281,2,EP43-18-BS-2,1,NA,NA,58,58,0.0044,2,0.004409,2,Y,M,Y,chironomids,1,NA,
Fall,26/10/2018,2018-10-26,Perl 4,per4.f,Individual,BS,281,3,EP43-18-BS-3,1,NA,NA,47,47,0.0022,1,0.002205,1,Y,M,Y,chironomids,1,NA,
Fall,26/10/2018,2018-10-26,Perl 4,per4.f,Individual,BS,281,4,EP43-18-BS-4,1,NA,NA,52,52,0.0033,1.5,0.003307,1.5,Y,UNK,Y,UNK,1,NA,
Fall,26/10/2018,2018-10-26,Perl 4,per4.f,Individual,BS,281,5,EP43-18-BS-5,1,NA,NA,52,52,0.0022,1,0.002205,1,Y,M,Y (tail),chironomids,1,NA,
Fall,26/10/2018,2018-10-26,Perl 4,per4.f,Individual,BS,281,6,EP43-18-BS-6,1,NA,NA,46,46,0.0022,1,0.002205,1,Y,M,Y (tail),chironomids,1,NA,
Fall,26/10/2018,2018-10-26,Perl 4,per4.f,Individual,BS,281,7,EP43-18-BS-7,1,NA,NA,46,46,0.0011,0.5,0.001102,0.5,Y,M,Y (tail),chironomids,1,NA,
Fall,26/10/2018,2018-10-26,Perl 4,per4.f,Individual,BS,281,8,EP43-18-BS-8,1,NA,NA,53,53,0.0033,1.5,0.003307,1.5,Y,M,Y,chironomids,1,NA,
Fall,26/10/2018,2018-10-26,Perl 4,per4.f,Individual,BS,281,9,EP43-18-BS-9,1,NA,NA,46,46,0.0022,1,0.002205,1,Y,IM,Y (tail),algae,1,NA,
Fall,26/10/2018,2018-10-26,Perl 4,per4.f,Individual,BS,281,10,EP43-18-BS-10,1,NA,NA,47,47,0.0022,1,0.002205,1,Y,M,Y (tail),chironomids/insects,1,NA,
Fall,26/10/2018,2018-10-26,Perl 4,per4.f,Bulk,BS,281,Bulk,NA,6,NA,NA,"46, 48, 46",46.66666667,0.0077,3.5,0.001286,0.6,N,NA,NA,NA,1,NA,
Fall,26/10/2018,2018-10-26,Perl 4,per4.f,Bulk,BS,281,Bulk,NA,12,NA,NA,"34, 38, 32",34.66666667,0.0066,3,0.000551,0.3,N,NA,NA,NA,2,NA,
Fall,26/10/2018,2018-10-26,Perl 4,per4.f,Bulk,BS,281,Bulk,NA,17,NA,NA,"48, 57, 48",51,0.0353,16,0.002075,0.9,N,NA,NA,NA,2,NA,
Fall,26/10/2018,2018-10-26,Perl 4,per4.f,Bulk,BS,281,Bulk,NA,9,NA,NA,"38, 37, 32",35.66666667,0.0077,3.5,0.000857,0.4,N,NA,NA,NA,3,NA,
Fall,26/10/2018,2018-10-26,Perl 4,per4.f,Bulk,BS,281,Bulk,NA,19,NA,NA,"50, 45, 53",49.33333333,0.0386,17.5,0.002031,0.9,N,NA,NA,NA,3,NA,
Fall,26/10/2018,2018-10-26,Perl 4,per4.f,Individual,CC,212,1,EP43-18-CC-1,1,47,47,50,50,0.0033,1.5,0.003307,1.5,Y,M,Y (tail),algae,1,NA,
Fall,26/10/2018,2018-10-26,Perl 4,per4.f,Individual,CC,212,2,EP43-18-CC-2,1,54,54,57,57,0.0044,2,0.004409,2,Y,IM,Y,empty,1,NA,
Fall,26/10/2018,2018-10-26,Perl 4,per4.f,Individual,CC,212,3,EP43-18-CC-3,1,49,49,51,51,0.0022,1,0.002205,1,Y,M,Y,insects/maybe algae,1,NA,
Fall,26/10/2018,2018-10-26,Perl 4,per4.f,Individual,CC,212,Bulk,NA,75,"32, 28, 32",30.66666667,"34, 30, 34",32.66666667,0.0496,22.5,0.000661,0.3,N,NA,NA,NA,1,NA,
Fall,26/10/2018,2018-10-26,Perl 4,per4.f,Individual,CC,212,Bulk,NA,37,"33, 36, 36 ",35,"34, 38, 38",36.66666667,0.0441,20,0.001192,0.5,N,NA,NA,NA,1,NA,
Fall,26/10/2018,2018-10-26,Perl 4,per4.f,Individual,CC,212,4,EP43-18-CC-4,1,45,45,48,48,0.0022,1,0.002205,1,Y,M,Y,insects,1,NA,
Fall,26/10/2018,2018-10-26,Perl 4,per4.f,Individual,CC,212,5,EP43-18-CC-5,1,51,51,54,54,0.0033,1.5,0.003307,1.5,Y,M,Y (tail),Unidentifiable,2,NA,
Fall,26/10/2018,2018-10-26,Perl 4,per4.f,Individual,CC,212,6,EP43-18-CC-6,1,83,83,86,86,0.0143,6.5,0.01433,6.5,Y,F,Y,insects,2,NA,
Fall,26/10/2018,2018-10-26,Perl 4,per4.f,Individual,CC,212,7,EP43-18-CC-7,1,97,97,103,103,0.0243,11,0.024251,11,Y,F,Y,insects,2,NA,
Fall,26/10/2018,2018-10-26,Perl 4,per4.f,Bulk,CC,212,Bulk,NA,44,"32, 36, 29",32.33333333,"34, 38, 30",34,0.0276,12.5,0.000626,0.3,N,NA,NA,NA,2,NA,
Fall,26/10/2018,2018-10-26,Perl 4,per4.f,Bulk,CC,212,Bulk,NA,26,"38, 32, 36",35.33333333,"40, 35, 39",38,0.0298,13.5,0.001145,0.5,N,NA,NA,NA,2,NA,
Fall,26/10/2018,2018-10-26,Perl 4,per4.f,Individual,CC,212,8,EP43-18-CC-8,1,48,48,50,50,0.0022,1,0.002205,1,Y,IM,Y,algae,2,NA,
Fall,26/10/2018,2018-10-26,Perl 4,per4.f,Individual,CC,212,9,EP43-18-CC-9,1,56,56,59,59,0.0044,2,0.004409,2,Y,F,Y,insects,3,NA,
Fall,26/10/2018,2018-10-26,Perl 4,per4.f,Individual,CC,212,10,EP43-18-CC-10,1,46,46,49,49,0.0022,1,0.002205,1,Y,M,Y,insects,3,NA,
Fall,26/10/2018,2018-10-26,Perl 4,per4.f,Bulk,CC,212,Bulk,NA,67,"27, 25, 29",27,"28, 27, 30",28.33333333,0.0463,21,0.000691,0.3,N,NA,NA,NA,3,NA,
Fall,26/10/2018,2018-10-26,Perl 4,per4.f,Bulk,CC,212,Bulk,NA,14,"34, 42, 38",38,"36, 45, 40",40.33333333,0.0198,9,0.001417,0.6,N,NA,NA,NA,3,NA,
Fall,25/10/2018,2018-10-25,Taylor,tay.f,Individual,BNM,208,1,AT3-18-BNM-1,1,34,34,37,37,0.0011,0.5,0.001102,0.5,N,NA,N,NA,2,NA,
Fall,25/10/2018,2018-10-25,Taylor,tay.f,Individual,BNM,208,2,AT3-18-BNM-2,1,34,34,36,36,0.0011,0.5,0.001102,0.5,N,NA,N,NA,2,NA,
Fall,25/10/2018,2018-10-25,Taylor,tay.f,Individual,BS,281,4,AT3-18-BS-4,1,NA,NA,40,40,0.0022,1,0.002205,1,Y,M,Y,"detritus, algae",1,NA,
Fall,25/10/2018,2018-10-25,Taylor,tay.f,Individual,BS,281,5,AT3-18-BS-5,1,NA,NA,36,36,0.0011,0.5,0.001102,0.5,Y,M,Y,insects,1,NA,
Fall,25/10/2018,2018-10-25,Taylor,tay.f,Individual,BS,281,Bulk,NA,40,NA,NA,"18, 22, 17",19,0.0099,4.5,0.000248,0.1,N,NA,NA,NA,1,NA,
Fall,25/10/2018,2018-10-25,Taylor,tay.f,Individual,BS,281,Bulk,NA,36,NA,NA,"23, 32, 24",26.33333333,0.0187,8.5,0.000521,0.2,N,NA,NA,NA,1,NA,
Fall,25/10/2018,2018-10-25,Taylor,tay.f,Individual,BS,281,6,AT3-18-BS-6,1,NA,NA,49,49,0.0022,1,0.002205,1,Y,M,Y,"algae, detritus, almost empty",1,NA,
Fall,25/10/2018,2018-10-25,Taylor,tay.f,Individual,BS,281,7A,AT3-18-BS-7A,1,NA,NA,34,34,0.0011,0.5,0.001102,0.5,Y,UNK,Y,UNK,1,NA,"two BS-7 recorded, no way to know which dissection information is from what fish"
Fall,25/10/2018,2018-10-25,Taylor,tay.f,Individual,BS,281,7B,AT3-18-BS-7B,1,NA,NA,38,38,0.0011,0.5,0.001102,0.5,Y,UNK,Y,UNK,1,NA,"two BS-7 recorded, no way to know which dissection information is from what fish"
Fall,25/10/2018,2018-10-25,Taylor,tay.f,Individual,BS,281,8,AT3-18-BS-8,1,NA,NA,34,34,0.0011,0.5,0.001102,0.5,Y,M,Y (tail),"algae, maybe insect",2,NA,
Fall,25/10/2018,2018-10-25,Taylor,tay.f,Individual,BS,281,9,AT3-18-BS-9,1,NA,NA,33,33,NA,<0.5,NA,<0.5,Y,unidentifiable,Y (tail),Unidentifiable,2,NA,
Fall,25/10/2018,2018-10-25,Taylor,tay.f,Individual,BS,281,10,AT3-18-BS-10,1,NA,NA,39,39,0.0011,0.5,0.001102,0.5,Y,unidentifiable,Y (tail),empty,2,NA,
Fall,25/10/2018,2018-10-25,Taylor,tay.f,Bulk,BS,281,Bulk-5,NA,53,NA,NA,"12, 20, 20",17.33333333,0.0099,4.5,0.000187,0.1,N,NA,NA,NA,2,NA,
Fall,25/10/2018,2018-10-25,Taylor,tay.f,Bulk,BS,281,Bulk-6,NA,18,NA,NA,"30, 30, 29",29.66666667,0.0055,2.5,0.000306,0.1,N,NA,NA,NA,2,NA,
Fall,25/10/2018,2018-10-25,Taylor,tay.f,Bulk,BS,281,Bulk-7,NA,29,NA,NA,"23, 17, 27",22.33333333,0.0033,1.5,0.000114,0.1,N,NA,NA,NA,3,NA,
Fall,25/10/2018,2018-10-25,Taylor,tay.f,Bulk,BS,281,Bulk-8,NA,10,NA,NA,"33, 26, 23",27.67,0.0022,1,0.00022,0.1,N,NA,NA,NA,3,NA,
Fall,25/10/2018,2018-10-25,Taylor,tay.f,Individual,CC,212,1,AT3-18-CC-1,1,44,44,47,47,0.0022,1,0.002205,1,Y,IM,Y,"algae, insect",1,NA,
Fall,25/10/2018,2018-10-25,Taylor,tay.f,Individual,CC,212,2,AT3-18-CC-2,1,46,46,48,48,0.0022,1,0.002205,1,Y,F,Y,empty,1,NA,
Fall,25/10/2018,2018-10-25,Taylor,tay.f,Individual,CC,212,3,AT3-18-CC-3,1,40,40,43,43,0.0011,0.5,0.001102,0.5,Y,M,Y (tail),insects,1,NA,
Fall,25/10/2018,2018-10-25,Taylor,tay.f,Individual,CC,212,4,AT3-18-CC-4,1,37,37,39,39,0.0011,0.5,0.001102,0.5,Y,M,Y (tail),insects,1,NA,
Fall,25/10/2018,2018-10-25,Taylor,tay.f,Individual,CC,212,5,AT3-18-CC-5,1,37,37,39,39,0.0022,1,0.002205,1,Y,M,Y (tail),chironomid larvae,1,NA,
Fall,25/10/2018,2018-10-25,Taylor,tay.f,Individual,CC,212,6,AT3-18-CC-6,1,39,39,41,41,0.0011,0.5,0.001102,0.5,Y,F,Y (tail),unidentified/almost empty,1,NA,
Fall,25/10/2018,2018-10-25,Taylor,tay.f,Individual,CC,212,7,AT3-18-CC-7,1,61,61,64,64,0.0055,2.5,0.005512,2.5,Y,M,Y,insects,2,NA,
Fall,25/10/2018,2018-10-25,Taylor,tay.f,Individual,CC,212,8,AT3-18-CC-8,1,43,43,46,46,0.0022,1,0.002205,1,Y,M,Y (tail),insects,2,NA,
Fall,25/10/2018,2018-10-25,Taylor,tay.f,Individual,CC,212,9,AT3-18-CC-9,1,52,52,54,54,0.0033,1.5,0.003307,1.5,Y,M,Y,insects,2,NA,
Fall,25/10/2018,2018-10-25,Taylor,tay.f,Individual,CC,212,10,AT3-18-CC-10,1,67,67,72,72,0.0077,3.5,0.007716,3.5,Y,M,Y,insects(wasp),2,NA,
Fall,25/10/2018,2018-10-25,Taylor,tay.f,Individual,CC,212,11,AT3-18-CC-11,1,40,40,43,43,0.0011,0.5,0.001102,0.5,N,NA,NA,NA,2,NA,
Fall,25/10/2018,2018-10-25,Taylor,tay.f,Individual,CC,212,12,AT3-18-CC-12,1,36,36,39,39,0.0011,0.5,0.001102,0.5,N,NA,NA,NA,3,NA,
Fall,25/10/2018,2018-10-25,Taylor,tay.f,Individual,CC,212,13,AT3-18-CC-13,1,35,35,58,58,0.0044,2,0.004409,2,N,NA,NA,NA,3,NA,
Fall,25/10/2018,2018-10-25,Taylor,tay.f,Individual,CC,212,14,AT3-18-CC-14,1,UNK,UNK,UNK,UNK,UNK,UNK,UNK,,N,NA,NA,NA,3,NA,
Fall,25/10/2018,2018-10-25,Taylor,tay.f,Individual,CS,198,1,AT3-18-CS-1,1,34,34,37,37,0.0011,0.5,0.001102,0.5,Y,UNK,Y (tail),algae/detritus,1,NA,
Fall,25/10/2018,2018-10-25,Taylor,tay.f,Individual,CS,198,2,AT3-18-CS-2,1,UNK,UNK,38,38,0.0011,0.5,0.001102,0.5,Y,IM,Y (tail),algae,1,NA,
Fall,25/10/2018,2018-10-25,Taylor,tay.f,Individual,CS,198,3,AT3-18-CS-3,1,29,29,31,31,0.0011,0.5,0.001102,0.5,Y,IM,Y (tail),algae?,1,NA,
Fall,25/10/2018,2018-10-25,Taylor,tay.f,Individual,CS,198,4,AT3-18-CS-4,1,30,30,34,34,UNK,<0.5,UNK,<0.5,Y,IM,Y (tail),algae,1,NA,
Fall,25/10/2018,2018-10-25,Taylor,tay.f,Individual,CS,198,5,AT3-18-CS-5,1,45,45,49,49,0.0022,1,0.002205,1,Y,Unidentifiable (black gonads),Y,algae,1,NA,
Fall,25/10/2018,2018-10-25,Taylor,tay.f,Individual,CS,198,6,AT3-18-CS-6,1,35,35,39,39,0.0011,0.5,0.001102,0.5,Y,IM,Y (tail),Unidentifiable,1,NA,
Fall,25/10/2018,2018-10-25,Taylor,tay.f,Individual,CS,198,7,AT3-18-CS-7,1,31,31,33,33,0.0011,0.5,0.001102,0.5,Y,unidentifiable,Y (tail),Unidentifiable,1,NA,
Fall,25/10/2018,2018-10-25,Taylor,tay.f,Individual,CS,198,8,AT3-18-CS-8,1,33,33,35,35,0.0011,0.5,0.001102,0.5,Y,IM,Y (tail),algae,1,NA,
Fall,25/10/2018,2018-10-25,Taylor,tay.f,Individual,CS,198,9,AT3-18-CS-9,1,31,31,34,34,0.0011,0.5,0.001102,0.5,Y,IM,Y (tail),algae?,1,NA,
Fall,25/10/2018,2018-10-25,Taylor,tay.f,Individual,CS,198,10,AT3-18-CS-10,1,38,38,41,41,0.0011,0.5,0.001102,0.5,Y,M,Y (tail),algae/detritus,2,NA,
Fall,25/10/2018,2018-10-25,Taylor,tay.f,Bulk,CS,198,Bulk-1,NA,3,31,31,34,34,0.0022,1,0.000735,0.3,N,NA,NA,NA,1,NA,
Fall,25/10/2018,2018-10-25,Taylor,tay.f,Individual,CS,198,11,AT3-18-CS-11,1,35,35,38,38,0.0011,0.5,0.001102,0.5,N,NA,NA,NA,2,NA,
Fall,25/10/2018,2018-10-25,Taylor,tay.f,Individual,CS,198,12,AT3-18-CS-12,1,39,39,41,41,0.0011,0.5,0.001102,0.5,N,NA,NA,NA,3,NA,
Fall,25/10/2018,2018-10-25,Taylor,tay.f,Bulk,CS,198,Bulk-2,NA,5,"32, 35, 38",35,"35,38,41",38,0.0033,1.5,0.000661,0.3,N,NA,NA,NA,3,NA,
Fall,25/10/2018,2018-10-25,Taylor,tay.f,Bulk,BS,281,Bulk,NA,30,NA,NA,UNK,UNK,0.011,5,0.000367,0.2,N,NA,NA,NA,1,NA,
Fall,25/10/2018,2018-10-25,Taylor,tay.f,Bulk,BS,281,Bulk,NA,27,NA,NA,UNK,UNK,0.0066,3,0.000245,0.1,N,NA,NA,NA,1,NA,
Fall,25/10/2018,2018-10-25,Taylor,tay.f,Individual,BS,281,1,AT3-18-BS-1,1,NA,NA,36,36,0.0011,0.5,0.001102,0.5,Y,M,Y (tail),insect,1,NA,
Fall,25/10/2018,2018-10-25,Taylor,tay.f,Individual,BS,281,2,AT3-18-BS-2,1,NA,NA,31,31,0.0011,0.5,0.001102,0.5,Y,unidentifiable,Y (tail),Unidentifiable,1,NA,
Fall,25/10/2018,2018-10-25,Taylor,tay.f,Individual,BS,281,3,AT3-18-BS-3,1,NA,NA,36,36,0.0011,0.5,0.001102,0.5,Y,M,Y (tail),algae?,1,NA,
Fall,25/10/2018,2018-10-25,Taylor,tay.f,Individual,WS,163,1,AT3-18-WS-1,1,40,40,42,42,0.0022,1,0.002205,1,Y,IM,Y (tail),detritus ,1,NA,
Fall,25/10/2018,2018-10-25,Taylor,tay.f,Individual,WS,163,2,AT3-18-WS-2,1,45,45,46,46,0.0022,1,0.002205,1,Y,IM,Y (tail),detritus,1,NA,
Fall,25/10/2018,2018-10-25,Taylor,tay.f,Individual,WS,163,3,AT3-18-WS-3,1,43,43,44,44,0.0011,0.5,0.001102,0.5,Y,M,Y (tail),"algae, detritus",1,NA,
Fall,25/10/2018,2018-10-25,Taylor,tay.f,Individual,WS,163,4,AT3-18-WS-4,1,50,50,52,52,0.0022,1,0.002205,1,Y,M,Y (tail),insects,1,NA,
Fall,25/10/2018,2018-10-25,Taylor,tay.f,Individual,WS,163,5,AT3-18-WS-5,1,32,32,32,32,0.0011,0.5,0.001102,0.5,Y,IM,Y (tail),detritus ,1,NA,
Fall,25/10/2018,2018-10-25,Taylor,tay.f,Individual,WS,163,6,AT3-18-WS-6,1,51,51,53,53,0.0033,1.5,0.003307,1.5,Y,M,Y,detritus ,1,NA,
Fall,25/10/2018,2018-10-25,Taylor,tay.f,Individual,WS,163,7,AT3-18-WS-7,1,35,35,36,36,0.0011,0.5,0.001102,0.5,Y,IM,Y (tail),empty,1,NA,
Fall,25/10/2018,2018-10-25,Taylor,tay.f,Individual,WS,163,8,AT3-18-WS-8,1,51,51,54,54,0.0033,1.5,0.003307,1.5,Y,M,Y,detritus,1,NA,
Fall,25/10/2018,2018-10-25,Taylor,tay.f,Individual,WS,163,9,AT3-18-WS-9,1,41,41,42,42,0.0022,1,0.002205,1,Y,unidentifiable,Y (tail),detritus ,1,NA,
Fall,25/10/2018,2018-10-25,Taylor,tay.f,Individual,WS,163,10,AT3-18-WS-10,1,43,43,44,44,0.0022,1,0.002205,1,Y,IM,Y (tail),Unidentifiable,1,NA,
Fall,25/10/2018,2018-10-25,Taylor,tay.f,Bulk,WS,163,Bulk-2,,12,"45,39,49",44.33333333,"46,40,50",45.33333333,0.0209,9.5,0.001745,0.8,N,NA,NA,NA,2,NA,
Fall,25/10/2018,2018-10-25,Taylor,tay.f,Bulk,WS,163,Bulk-3,,4,"42,48,53",47.66666667,"44,50,55",49.66666667,0.0055,2.5,0.001378,0.6,N,NA,NA,NA,3,NA,
Fall,25/10/2018,2018-10-25,Taylor,tay.f,Bulk,WS,163,Bulk-1,,7,33,33,34,34,0.0121,5.5,0.001732,0.8,N,NA,NA,NA,1,NA,
Fall,23/10/2018,2018-10-23,Hawk Cliff,haw.c,Bulk,BND,630,Bulk,NA,14,"42, 35, 42",39.66666667,"44, 37, 44",41.66666667,0.0176,8,0.00126,0.6,N,NA,NA,NA,1,NA,
Fall,23/10/2018,2018-10-23,Hawk Cliff,haw.c,Bulk,CC,212,Bulk,NA,12,"37, 35, 35",35.66666667,"40, 37, 37",38,0.0154,7,0.001286,0.6,N,NA,NA,NA,1,NA,
Fall,23/10/2018,2018-10-23,Hawk Cliff,haw.c,Bulk,CC,212,Bulk,NA,18,"56, 55, 48",53,"60, 60, 52",57.33333333,0.004,1.8,0.000225,0.1,N,NA,NA,NA,1,NA,
Fall,23/10/2018,2018-10-23,Hawk Cliff,haw.c,Bulk,BND,630,Bulk,NA,9,"34, 35, 41",36.66666667,"36, 37, 45",39.33333333,NA,NA,0.001102,0.5,N,NA,NA,NA,2,NA,
Fall,23/10/2018,2018-10-23,Hawk Cliff,haw.c,Bulk,CC,212,Bulk,NA,6,"39, 30, 39",36,"41, 32, 41,",38,NA,NA,0.001102,0.5,N,NA,NA,NA,2,NA,
Fall,23/10/2018,2018-10-23,Hawk Cliff,haw.c,Bulk,CC,212,Bulk,NA,14,"47, 49, 45",47,"50, 51, 48",49.66666667,NA,NA,0.003307,1.5,N,NA,NA,NA,2,NA,
Fall,23/10/2018,2018-10-23,Hawk Cliff,haw.c,Individual,CC,212,1,HC3-18-CC-1,1,65,65,70,70,,3,0.006614,3,N,NA,NA,NA,2,NA,
Fall,23/10/2018,2018-10-23,Hawk Cliff,haw.c,Individual,CC,212,2,HC3-18-CC-2,1,61,61,75,75,,3,0.006614,3,N,NA,NA,NA,2,NA,
Fall,23/10/2018,2018-10-23,Hawk Cliff,haw.c,Bulk,BND,630,Bulk,NA,10,"38, 38, 37",37.66666667,"41, 41, 40",40.66666667,NA,NA,0.001102,0.5,N,NA,NA,NA,3,NA,
Fall,23/10/2018,2018-10-23,Hawk Cliff,haw.c,Bulk,CC,212,Bulk,NA,7,"44, 47, 41",44,"46, 50, 43",46.33333333,NA,NA,0.002205,1,N,NA,NA,NA,3,NA,
Fall,23/10/2018,2018-10-23,Hawk Cliff,haw.c,Bulk,CC,212,Bulk,NA,5,"38, 34, 35",35.66666667,"40, 36, 37",37.66666667,NA,NA,0.001102,0.5,N,NA,NA,NA,3,NA,
Fall,23/10/2018,2018-10-23,Hawk Cliff,haw.c,Individual,CC,212,3,HC3-18-CC-3,1,75,75,80,80,,4,0.008818,4,N,NA,NA,NA,3,NA,