,date_iD,Date,Site_ID,sample code,subset sample code,lot code (#),provisional ID (order),family ID,abundance,notes,Replicate,small,medium,big,notes
,24/05/2018,2018-05-03,EP4,EP4-BM-03.05.18,EP4-BM-03.05.18-S,EP4-BM-03.05.18-S-1,Diptera,Chironomidae A,23,A2,Rep_1,92,1,,"A1, A2"
,24/05/2018,2018-05-03,EP4,EP4-BM-03.05.18,EP4-BM-03.05.18-S,EP4-BM-03.05.18-S-2,Diptera,Chironomidae C,69,A3,Rep_1,,,,
,24/05/2018,2018-05-03,EP4,EP4-BM-03.05.18,EP4-BM-03.05.18-S,EP4-BM-03.05.18-S-3,Unknown,,3,A1,Rep_1,,,,
,25/05/2018,2018-05-03,HC,HC-BM-03.05.18,HC-BM-03.05.18-S,HC-BM-03.05.18-S-1,Diptera,Chironomidae L,1,A4,Rep_1,1,2,,"A3,A4"
,25/05/2018,2018-05-03,HC,HC-BM-03.05.18,HC-BM-03.05.18-S,HC-BM-03.05.18-S-2,Diptera,Chironomidae A,3,A5,Rep_1,,,,
,25/05/2018,2018-05-03,HC,HC-BM-03.05.18,HC-BM-03.05.18-S,HC-BM-03.05.18-S-3,Amphipoda,,2,A6,Rep_1,,,,
,2018-06-06,2018-05-07,AT,AT-BM-07.05.18,AT-BM-07.05.18-S,HC-BM-07.05.18-S-4,Plecoptera,Perlodidae,5,C2,Rep_1,57,3,,"A10, B1"
,2018-06-06,2018-05-07,AT,AT-BM-07.05.18,AT-BM-07.05.18-S,HC-BM-07.05.18-S-5,copepod,,2,C3,Rep_1,,,,
,2018-06-06,2018-05-07,AT,AT-BM-07.05.18,AT-BM-07.05.18-S,HC-BM-07.05.18-S-6,Diptera,chironomidae L,28,C4,Rep_1,,,,
,2018-06-06,2018-05-07,AT,AT-BM-07.05.18,AT-BM-07.05.18-S,HC-BM-07.05.18-S-7,Diptera,chironomidae A,14,C5,Rep_1,,,,
,2018-06-06,2018-05-07,AT,AT-BM-07.05.18,AT-BM-07.05.18-S,HC-BM-07.05.18-S-8,Gastropoda,,10,C6,Rep_1,,,,
,2018-06-06,2018-05-07,AT,AT-BM-07.05.18,AT-BM-07.05.18-S,HC-BM-07.05.18-S-9,Diptera,Simuliidae ,1,C7,Rep_1,,,,
,2018-06-06,2018-05-07,EP4,EP4-BM-07.05.18,EP4-BM-07.05.18-S,EP4-BM-07.05.18-S-1,Diptera,chironomidae L,20,C8,Rep_1,33,,,B2
,2018-06-06,2018-05-07,EP4,EP4-BM-07.05.18,EP4-BM-07.05.18-S,EP4-BM-07.05.18-S-2,Diptera,chironomidae A,6,C9,Rep_1,,,,
,2018-06-06,2018-05-07,EP4,EP4-BM-07.05.18,EP4-BM-07.05.18-S,EP4-BM-07.05.18-S-3,Gastropoda,,7,C10,Rep_1,,,,
,01/06/2018,2018-05-07,HC,HC-BM-07.05.18,HC-BM-07.05.18-S,HC-BM-07.05.18-S-1,Amphipoda,,4,B9,Rep_1,9,,,A9
,01/06/2018,2018-05-07,HC,HC-BM-07.05.18,HC-BM-07.05.18-S,HC-BM-07.05.18-S-2,Diptera,Chironomidae L,4,B10,Rep_1,,,,
,01/06/2018,2018-05-07,HC,HC-BM-07.05.18,HC-BM-07.05.18-S,HC-BM-07.05.18-S-3,Diptera,Simuliidae L,1,C1,Rep_1,,,,
,2018-06-06,2018-05-10,AT,AT-BM-10.05.18,AT-BM-10.05.18-S,AT-BM-10.05.18-S-1,Diptera,simuliidae,3,D1,Rep_1,36,,,B3
,2018-06-06,2018-05-10,AT,AT-BM-10.05.18,AT-BM-10.05.18-S,AT-BM-10.05.18-S-2,Diptera,chironomidae L,13,D2,Rep_1,,,,
,2018-06-06,2018-05-10,AT,AT-BM-10.05.18,AT-BM-10.05.18-S,AT-BM-10.05.18-S-3,Plecoptera,Perlodidae,20,D3,Rep_1,,,,
,2018-07-06,2018-05-10,EP4,EP4-BM-10.05.18,EP4-BM-10.05.18-S,EP4-BM-10.05.18-S-1,Diptera,chironomidae L,31,D4,Rep_1,34,1,,"B4, B5"
,2018-07-06,2018-05-10,EP4,EP4-BM-10.05.18,EP4-BM-10.05.18-S,EP4-BM-10.05.18-S-2,Coleoptera,haliplidae,1,D5,Rep_1,,,,
,2018-07-06,2018-05-10,EP4,EP4-BM-10.05.18,EP4-BM-10.05.18-S,EP4-BM-10.05.18-S-3,Diptera,chironomidae A,3,D6,Rep_1,,,,
,2018-08-06,2018-05-14,AT,AT-BM-14.05.18,AT-BM-14.05.18-S,AT-BM-14.05.18-S-1,Diptera,chironomidae L,1,E6,Rep_1,8,,,B10
,2018-08-06,2018-05-14,AT,AT-BM-14.05.18,AT-BM-14.05.18-S,AT-BM-14.05.18-S-2,Diptera,chironomidae A,1,E7,Rep_1,,,,
,2018-08-06,2018-05-14,AT,AT-BM-14.05.18,AT-BM-14.05.18-S,AT-BM-14.05.18-S-3,Gastropoda,,5,E8,Rep_1,,,,
,2018-08-06,2018-05-14,AT,AT-BM-14.05.18,AT-BM-14.05.18-S,AT-BM-14.05.18-S-4,Bivalva,,1,E9,Rep_1,,,,
,2018-08-06,2018-05-14,EP4,EP4-BM-14.05.18,EP4-BM-14.05.18-S,EP4-BM-14.05.18-S-1,Diptera,Chironomidae L,4,E10,Rep_1,7,,,C1
,2018-08-06,2018-05-14,EP4,EP4-BM-14.05.18,EP4-BM-14.05.18-S,EP4-BM-14.05.18-S-2,Diptera,Chironomidae A,2,F1,Rep_1,,,,
,2018-08-06,2018-05-14,EP4,EP4-BM-14.05.18,EP4-BM-14.05.18-S,EP4-BM-14.05.18-S-3,Gastropoda,,1,F2,Rep_1,,,,
,2018-07-06,2018-05-14,HC,HC-BM-14.05.18,HC-BM-14.05.18-S,HC-BM-14.05.18-S-1,Diptera,ceratopogonidae L,1,E1,Rep_1,20,3,,"B8, B9"
,2018-07-06,2018-05-14,HC,HC-BM-14.05.18,HC-BM-14.05.18-S,HC-BM-14.05.18-S-2,Diptera,chironomidae L,9,E2,Rep_1,,,,
,2018-07-06,2018-05-14,HC,HC-BM-14.05.18,HC-BM-14.05.18-S,HC-BM-14.05.18-S-3,Amphipoda,,4,E3,Rep_1,,,,
,2018-07-06,2018-05-14,HC,HC-BM-14.05.18,HC-BM-14.05.18-S,HC-BM-14.05.18-S-4,Gastropoda,,6,E4,Rep_1,,,,
,2018-07-06,2018-05-14,HC,HC-BM-14.05.18,HC-BM-14.05.18-S,HC-BM-14.05.18-S-5,Bivalva,,3,E5,Rep_1,,,,
,14/6/2018,2018-05-17,AT,AT-BM-17.05.18,AT-BM-17.05.18-S,AT-BM-17.05.18-S-1,Plecoptera,Perlodidae,19,G3,Rep_1,46,1,,"C7, C8"
,14/6/2018,2018-05-17,AT,AT-BM-17.05.18,AT-BM-17.05.18-S,AT-BM-17.05.18-S-2,diptera,Chironomidae A,4,G4,Rep_1,,,,
,14/6/2018,2018-05-17,AT,AT-BM-17.05.18,AT-BM-17.05.18-S,AT-BM-17.05.18-S-3,Diptera,Chironomidae L,9,G5,Rep_1,,,,
,14/6/2018,2018-05-17,AT,AT-BM-17.05.18,AT-BM-17.05.18-S,AT-BM-17.05.18-S-4,annelida,,5,G6,Rep_1,,,,
,14/6/2018,2018-05-17,AT,AT-BM-17.05.18,AT-BM-17.05.18-S,AT-BM-17.05.18-S-5,Gastropoda,,9,G7,Rep_1,,,,
,14/6/2018,2018-05-17,AT,AT-BM-17.05.18,AT-BM-17.05.18-S,AT-BM-17.05.18-S-6,acari,,1,G8,Rep_1,,,,
,14/6/2018,2018-05-17,EP4,EP4-BM-17.05.18,EP4-BM-17.05.18-S,EP4-BM-17.05.18-S-1,diptera,Chironomidae L,11,F9,Rep_1,26,,1,"C5, C6"
,14/6/2018,2018-05-17,EP4,EP4-BM-17.05.18,EP4-BM-17.05.18-S,EP4-BM-17.05.18-S-2,Gastropoda,,9,F10,Rep_1,,,,
,14/6/2018,2018-05-17,EP4,EP4-BM-17.05.18,EP4-BM-17.05.18-S,EP4-BM-17.05.18-S-3,annelida,,6,G1,Rep_1,,,,
,14/6/2018,2018-05-17,EP4,EP4-BM-17.05.18,EP4-BM-17.05.18-S,EP4-BM-17.05.18-S-4,Coleoptera,Elmidae,1,G2,Rep_1,,,,
,2018-08-06,2018-05-17,HC,HC-BM-17.05.18,HC-BM-17.05.18-S,HC-BM-17.05.18-S-1,Amphipoda,,14,F3,Rep_1,32,14,1,"C2, C3, C4"
,2018-08-06,2018-05-17,HC,HC-BM-17.05.18,HC-BM-17.05.18-S,HC-BM-17.05.18-S-2,Diptera,Chironomidae A,13,F4,Rep_1,,,,
,2018-08-06,2018-05-17,HC,HC-BM-17.05.18,HC-BM-17.05.18-S,HC-BM-17.05.18-S-3,Diptera,Chironomidae L,8,F5,Rep_1,,,,
,2018-08-06,2018-05-17,HC,HC-BM-17.05.18,HC-BM-17.05.18-S,HC-BM-17.05.18-S-4,Coleoptera,Staphylinidae,1,F6,Rep_1,,,,
,2018-08-06,2018-05-17,HC,HC-BM-17.05.18,HC-BM-17.05.18-S,HC-BM-17.05.18-S-5,annelida,,7,F7,Rep_1,,,,
,2018-08-06,2018-05-17,HC,HC-BM-17.05.18,HC-BM-17.05.18-S,HC-BM-17.05.18-S-6,Coleoptera,Elmidae,4,F8,Rep_1,,,,
,2018-07-06,2018-05-10,HC,HC-BM-10.05.18,HC-BM-10.05.18-S,HC-BM-10.05.18-S-1,Amphipoda,,9,D7,Rep_1,10,9,,"B6,  B7"
,2018-07-06,2018-05-10,HC,HC-BM-10.05.18,HC-BM-10.05.18-S,HC-BM-10.05.18-S-2,Plecoptera,Perlodidae,1,D8,Rep_1,,,,
,2018-07-06,2018-05-10,HC,HC-BM-10.05.18,HC-BM-10.05.18-S,HC-BM-10.05.18-S-3,Diptera,chironomidae,6,D9,Rep_1,,,,
,2018-07-06,2018-05-10,HC,HC-BM-10.05.18,HC-BM-10.05.18-S,HC-BM-10.05.18-S-4,Gastropoda,,3,D10,Rep_1,,,,
,18/6/2018,2018-05-21,AT,AT-BM-21.05.18,AT-BM-21.05.18-S,AT-BM-21.05.18-S-1,annelida,,16,added small and med together,Rep_1,12,4,,
,18/6/2018,2018-05-21,AT,AT-BM-21.05.18,AT-BM-21.05.18-S,AT-BM-21.05.18-S-2,Coleoptera,dytiseridae,1,I1,Rep_1,,,,"D2, D3"
,18/6/2018,2018-05-21,AT,AT-BM-21.05.18,AT-BM-21.05.18-S,AT-BM-21.05.18-S-3,Plecoptera,Perlodidae,4,I2,Rep_1,,,,
,18/6/2018,2018-05-21,AT,AT-BM-21.05.18,AT-BM-21.05.18-S,AT-BM-21.05.18-S-4,Diptera,Chironomidae L,6,I3,Rep_1,,,,
,18/6/2018,2018-05-21,AT,AT-BM-21.05.18,AT-BM-21.05.18-S,AT-BM-21.05.18-S-5,Bivalva,,2,I4,Rep_1,,,,
,18/6/2018,2018-05-21,AT,AT-BM-21.05.18,AT-BM-21.05.18-S,AT-BM-21.05.18-S-6,Gastropoda,,3,I5,Rep_1,,,,
,18/6/2018,2018-05-21,EP4,EP4-BM-21.05.18,EP4-BM-21.05.18-S,EP4-BM-21.05.18-S-1,Diptera,Chironomidae L,14,H6,Rep_1,18,,,D1
,18/6/2018,2018-05-21,EP4,EP4-BM-21.05.18,EP4-BM-21.05.18-S,EP4-BM-21.05.18-S-2,Diptera,Chironomidae A,4,H7,Rep_1,,,,
,18/6/2018,2018-05-21,EP4,EP4-BM-21.05.18,EP4-BM-21.05.18-S,EP4-BM-21.05.18-S-3,Gastropoda,,4,H8,Rep_1,,,,
,18/6/2018,2018-05-21,EP4,EP4-BM-21.05.18,EP4-BM-21.05.18-S,EP4-BM-21.05.18-S-4,Bivalva,,1,H9,Rep_1,,,,
,15/6/2018,2018-05-21,HC,HC-BM-21.05.18,HC-BM-21.05.18-S,HC-BM-21.05.18-S-1,Amphipoda,,13,G9,Rep_1,55,,3,"C9, C10"
,15/6/2018,2018-05-21,HC,HC-BM-21.05.18,HC-BM-21.05.18-S,HC-BM-21.05.18-S-2,annelida,,3,G10,Rep_1,,,,
,15/6/2018,2018-05-21,HC,HC-BM-21.05.18,HC-BM-21.05.18-S,HC-BM-21.05.18-S-3,Diptera,Chironomidae L,18,H1,Rep_1,,,,
,15/6/2018,2018-05-21,HC,HC-BM-21.05.18,HC-BM-21.05.18-S,HC-BM-21.05.18-S-4,Diptera,Chironomidae A,4,H2,Rep_1,,,,
,15/6/2018,2018-05-21,HC,HC-BM-21.05.18,HC-BM-21.05.18-S,HC-BM-21.05.18-S-5,Gastropoda,,9,H3,Rep_1,,,,
,15/6/2018,2018-05-21,HC,HC-BM-21.05.18,HC-BM-21.05.18-S,HC-BM-21.05.18-S-6,Coleoptera,Elmidae,2,H4,Rep_1,,,,
,15/6/2018,2018-05-21,HC,HC-BM-21.05.18,HC-BM-21.05.18-S,HC-BM-21.05.18-S-7,Bivalva,,11,H5,Rep_1,,,,
,19/6/2018,2018-05-24,AT,AT-BM-24.05.18,AT-BM-24.05.18-S,AT-BM-24.05.18-S-1,Plecoptera,Perlodidae,21,J1,Rep_1,11,21,,"D6, D7"
,19/6/2018,2018-05-24,AT,AT-BM-24.05.18,AT-BM-24.05.18-S,AT-BM-24.05.18-S-2,Diptera,Chironomidae L,2,J2,Rep_1,,,,
,19/6/2018,2018-05-24,AT,AT-BM-24.05.18,AT-BM-24.05.18-S,AT-BM-24.05.18-S-3,Diptera,Chironomidae A,2,J3,Rep_1,,,,
,19/6/2018,2018-05-24,AT,AT-BM-24.05.18,AT-BM-24.05.18-S,AT-BM-24.05.18-S-4,Gastropoda,,6,J4,Rep_1,,,,
,19/6/2018,2018-05-24,AT,AT-BM-24.05.18,AT-BM-24.05.18-S,AT-BM-24.05.18-S-5,annelida,,1,J5,Rep_1,,,,
,19/6/2018,2018-05-24,EP4,EP4-BM-24.05.18,EP4-BM-24.05.18-S,EP4-BM-24.05.18-S-1,annelida,,12,J6,Rep_1,21,1,,"D8, D9"
,19/6/2018,2018-05-24,EP4,EP4-BM-24.05.18,EP4-BM-24.05.18-S,EP4-BM-24.05.18-S-2,Diptera,Chironomidae L,10,J7,Rep_1,,,,
,19/6/2018,2018-05-24,EP4,EP4-BM-24.05.18,EP4-BM-24.05.18-S,EP4-BM-24.05.18-S-3,Bivalva,,1,J8,Rep_1,,,,
,18/6/2018,2018-05-24,HC,HC-BM-24.05.18,HC-BM-24.05.18-S,HC-BM-24.05.18-S-1,Amphipoda,,15,I6,Rep_1,19,13,,"D4, D5"
,18/6/2018,2018-05-24,HC,HC-BM-24.05.18,HC-BM-24.05.18-S,HC-BM-24.05.18-S-2,Diptera,Chironomidae L,8,I7,Rep_1,,,,
,18/6/2018,2018-05-24,HC,HC-BM-24.05.18,HC-BM-24.05.18-S,HC-BM-24.05.18-S-3,Gastropoda,,3,I8,Rep_1,,,,
,18/6/2018,2018-05-24,HC,HC-BM-24.05.18,HC-BM-24.05.18-S,HC-BM-24.05.18-S-4,Bivalva,,4,I9,Rep_1,,,,
,18/6/2018,2018-05-24,HC,HC-BM-24.05.18,HC-BM-24.05.18-S,HC-BM-24.05.18-S-5,annelida,,4,I10,Rep_1,,,,
,29/05/2018,2018-05-28,AT,AT-BM-28.05.18,AT-BM-28.05.18-S,AT-BM-28.05.18-S-1,Amphipoda,,1,A7,Rep_1,9,3,,"A5,A6"
,29/05/2018,2018-05-28,AT,AT-BM-28.05.18,AT-BM-28.05.18-S,AT-BM-28.05.18-S-2,Megaloptera L,,1,A8,Rep_1,,,,
,29/05/2018,2018-05-28,AT,AT-BM-28.05.18,AT-BM-28.05.18-S,AT-BM-28.05.18-S-3,Hemiptera,Aphidoidea,1,A9,Rep_1,,,,
,29/05/2018,2018-05-28,AT,AT-BM-28.05.18,AT-BM-28.05.18-S,AT-BM-28.05.18-S-4,Diptera,Chironomidae L,3,A10,Rep_1,,,,
,29/05/2018,2018-05-28,AT,AT-BM-28.05.18,AT-BM-28.05.18-S,AT-BM-28.05.18-S-5,Diptera,Adult Chiron,1,B1,Rep_1,,,,
,29/05/2018,2018-05-28,AT,AT-BM-28.05.18,AT-BM-28.05.18-S,AT-BM-28.05.18-S-6,Gastropoda,,7,B2,Rep_1,,,,
,26/6/2018,2018-05-28,AT,AT-BM-28.05.18,AT-BM-28.05.18-S,AT-BM-28.05.18-S-1,Diptera,Chironomidae A,5,A10,Rep_1,,,,
,26/6/2018,2018-05-28,AT,AT-BM-28.05.18,AT-BM-28.05.18-S,AT-BM-28.05.18-S-2,Gastropoda,,9,B1,Rep_1,,,,
,26/6/2018,2018-05-28,AT,AT-BM-28.05.18,AT-BM-28.05.18-S,AT-BM-28.05.18-S-3,annelida,,3,B2,Rep_1,,,,
,26/6/2018,2018-05-28,AT,AT-BM-28.05.18,AT-BM-28.05.18-S,AT-BM-28.05.18-S-4,Bivalva,,1,B3,Rep_1,,,,
,20/6/2018,2018-05-28,EP4,EP4-BM-28.05.18,EP4-BM-28.05.18-S,EP4-BM-28.05.18-S-1,Diptera,Chironomidae L,51,A7,Rep_1,60,,,"E3, E4"
,20/6/2018,2018-05-28,EP4,EP4-BM-28.05.18,EP4-BM-28.05.18-S,EP4-BM-28.05.18-S-2,Diptera,Chironomidae A,6,A8,Rep_1,,,,
,20/6/2018,2018-05-28,EP4,EP4-BM-28.05.18,EP4-BM-28.05.18-S,EP4-BM-28.05.18-S-3,Gastropoda,,3,A9,Rep_1,,,,
,20/6/2018,2018-05-28,HC,HC-BM-28.05.18,HC-BM-28.05.18-S,HC-BM-28.05.18-S-1,Amphipoda,,16,A1,Rep_1,49,1,3,"D10, E1, E2"
,20/6/2018,2018-05-28,HC,HC-BM-28.05.18,HC-BM-28.05.18-S,HC-BM-28.05.18-S-2,Gastropoda,,6,A2,Rep_1,,,,
,20/6/2018,2018-05-28,HC,HC-BM-28.05.18,HC-BM-28.05.18-S,HC-BM-28.05.18-S-3,Bivalva,,18,A3,Rep_1,,,,
,20/6/2018,2018-05-28,HC,HC-BM-28.05.18,HC-BM-28.05.18-S,HC-BM-28.05.18-S-4,Diptera,Chironomidae L,17,A4,Rep_1,,,,
,20/6/2018,2018-05-28,HC,HC-BM-28.05.18,HC-BM-28.05.18-S,HC-BM-28.05.18-S-5,annelida,,10,A5,Rep_1,,,,
,20/6/2018,2018-05-28,HC,HC-BM-28.05.18,HC-BM-28.05.18-S,HC-BM-28.05.18-S-6,Diptera,Mycetophilidae,2,A6,Rep_1,,,,
,2010-07-18,2018-05-31,AT,AT-BM-31.05.18,AT-BM-31.05.18-S,AT-BM-31.05.18-S-1,annelida,,2,C5,Rep_2,3,1,2,Chiron A
,2010-07-18,2018-05-31,AT,AT-BM-31.05.18,AT-BM-31.05.18-S,AT-BM-31.05.18-S-2,Gastropoda,,2,C6,Rep_2,,,,
,2010-07-18,2018-05-31,AT,AT-BM-31.05.18,AT-BM-31.05.18-S,AT-BM-31.05.18-S-3,Diptera,Chironomidae A,3,C7,Rep_2,,,,
,26/6/2018,2018-05-31,EP4,EP4-BM-31.05.18,EP4-BM-31.05.18-S,EP4-BM-31.05.18-S-1,Diptera,Chironomidae L,155,B4,Rep_1,210,5,3,"E6, E7, E8"
,26/6/2018,2018-05-31,EP4,EP4-BM-31.05.18,EP4-BM-31.05.18-S,EP4-BM-31.05.18-S-2,Coleoptera,dytiseridae,6,B5,Rep_1,,,,
,26/6/2018,2018-05-31,EP4,EP4-BM-31.05.18,EP4-BM-31.05.18-S,EP4-BM-31.05.18-S-3,annelida,,19,B6,Rep_1,,,,
,26/6/2018,2018-05-31,EP4,EP4-BM-31.05.18,EP4-BM-31.05.18-S,EP4-BM-31.05.18-S-4,Gastropoda,,2,B7,Rep_1,,,,
,26/6/2018,2018-05-31,EP4,EP4-BM-31.05.18,EP4-BM-31.05.18-S,EP4-BM-31.05.18-S-5,isopoda,,1,B8,Rep_1,,,,
,26/6/2018,2018-05-31,EP4,EP4-BM-31.05.18,EP4-BM-31.05.18-S,EP4-BM-31.05.18-S-6,ephemeroptera,Baefidae,35,B9,Rep_1,,,,
,2010-07-18,2018-05-31,EP4,EP4-BM-31.05.18,EP4-BM-31.05.18-S,EP4-BM-31.05.18-S-1,Coleoptera,Dystiscidae,3,C8,Rep_2,229,8,1,"Chirn, halp"
,2010-07-18,2018-05-31,EP4,EP4-BM-31.05.18,EP4-BM-31.05.18-S,EP4-BM-31.05.18-S-2,Diptera,Chironomidae L,173,C9,Rep_2,,,,
,2010-07-18,2018-05-31,EP4,EP4-BM-31.05.18,EP4-BM-31.05.18-S,EP4-BM-31.05.18-S-3,Coleoptera,Elmidae,2,C10,Rep_2,,,,
,2010-07-18,2018-05-31,EP4,EP4-BM-31.05.18,EP4-BM-31.05.18-S,EP4-BM-31.05.18-S-4,Ephemeroptera,Baefidae,49,D1,Rep_2,,,,
,2010-07-18,2018-05-31,EP4,EP4-BM-31.05.18,EP4-BM-31.05.18-S,EP4-BM-31.05.18-S-5,Amphipoda,,1,D1,Rep_2,,,,
,2010-07-18,2018-05-31,EP4,EP4-BM-31.05.18,EP4-BM-31.05.18-S,EP4-BM-31.05.18-S-6,Coleoptera,Haliplidae,1,D3,Rep_2,,,,
,2010-07-18,2018-05-31,EP4,EP4-BM-31.05.18,EP4-BM-31.05.18-S,EP4-BM-31.05.18-S-7,Annelida,,6,D4,Rep_2,,,,
,2010-07-18,2018-05-31,EP4,EP4-BM-31.05.18,EP4-BM-31.05.18-S,EP4-BM-31.05.18-S-8,Gastropoda,,4,D5,Rep_2,,,,
,2010-07-18,2018-05-31,HC,HC-BM-31.05.18,HC-BM-31.05.18-S,HC-BM-31.05.18-S-1,Amphipoda,,20,B10,Rep_1,28,3,2,"gastro, bivalva"
,2010-07-18,2018-05-31,HC,HC-BM-31.05.18,HC-BM-31.05.18-S,HC-BM-31.05.18-S-2,Diptera,Chironomidae L,2,C1,Rep_1,,,,
,2010-07-18,2018-05-31,HC,HC-BM-31.05.18,HC-BM-31.05.18-S,HC-BM-31.05.18-S-3,Gastropoda,,3,C2,Rep_1,,,,
,2010-07-18,2018-05-31,HC,HC-BM-31.05.18,HC-BM-31.05.18-S,HC-BM-31.05.18-S-4,Bivalva,,7,C3,Rep_1,,,,
,2010-07-18,2018-05-31,HC,HC-BM-31.05.18,HC-BM-31.05.18-S,HC-BM-31.05.18-S-5,annelida,,1,C4,Rep_1,,,,
,2017-07-18,2018-06-04,AT,AT-BM-04.06.18,AT-BM-04.06.18-S,AT-BM-04.06.18-S-1,Diptera,Chironomidae L,7,F2,Rep_1,22,5,,"diptera, cal, hydro"
,2017-07-18,2018-06-04,AT,AT-BM-04.06.18,AT-BM-04.06.18-S,AT-BM-04.06.18-S-2,Diptera,Culicidae,1,F3,Rep_1,,,,
,2017-07-18,2018-06-04,AT,AT-BM-04.06.18,AT-BM-04.06.18-S,AT-BM-04.06.18-S-3,Amphipoda,,2,F4,Rep_1,,,,
,2017-07-18,2018-06-04,AT,AT-BM-04.06.18,AT-BM-04.06.18-S,AT-BM-04.06.18-S-4,Coleoptera,Hydrophilidae,1,F5,Rep_1,,,,
,2017-07-18,2018-06-04,AT,AT-BM-04.06.18,AT-BM-04.06.18-S,AT-BM-04.06.18-S-5,Gastropoda,,16,F6,Rep_1,,,,
,2013-07-18,2018-06-04,EP4,EP4-BM-04.06.18,EP4-BM-04.06.18-S,EP4-BM-04.06.18-S-1,Diptera,chironomidae L,690,D6,Rep_1,709,7,,"ephem, chaleid, amphipoda, dytiscidae, acari"
,2013-07-18,2018-06-04,EP4,EP4-BM-04.06.18,EP4-BM-04.06.18-S,EP4-BM-04.06.18-S-2,Annelida,,12,D7,Rep_1,,,,
,2013-07-18,2018-06-04,EP4,EP4-BM-04.06.18,EP4-BM-04.06.18-S,EP4-BM-04.06.18-S-3,Diptera,chironomidae A,5,D8,Rep_1,,,,
,2013-07-18,2018-06-04,EP4,EP4-BM-04.06.18,EP4-BM-04.06.18-S,EP4-BM-04.06.18-S-4,Ephemeroptera,Baefidae e,19,D9,Rep_1,,,,
,2013-07-18,2018-06-04,EP4,EP4-BM-04.06.18,EP4-BM-04.06.18-S,EP4-BM-04.06.18-S-5,Hymenoptera,Chaleidoidea,1,D10,Rep_1,,,,
,2013-07-18,2018-06-04,EP4,EP4-BM-04.06.18,EP4-BM-04.06.18-S,EP4-BM-04.06.18-S-6,Amphipoda,,8,E1,Rep_1,,,,
,2013-07-18,2018-06-04,EP4,EP4-BM-04.06.18,EP4-BM-04.06.18-S,EP4-BM-04.06.18-S-7,Coleoptera,Dystiscidae,6,E2,Rep_1,,,,
,2013-07-18,2018-06-04,EP4,EP4-BM-04.06.18,EP4-BM-04.06.18-S,EP4-BM-04.06.18-S-8,Hymenoptera,Formicidae,1,E3,Rep_1,,,,
,2013-07-18,2018-06-04,EP4,EP4-BM-04.06.18,EP4-BM-04.06.18-S,EP4-BM-04.06.18-S-9,Acari,,1,E4,Rep_1,,,,
,2013-07-18,2018-06-04,EP4,EP4-BM-04.06.18,EP4-BM-04.06.18-S,EP4-BM-04.06.18-S-10,Gastropoda,,7,E5,Rep_1,,,,
,2013-07-18,2018-06-04,EP4,EP4-BM-04.06.18,EP4-BM-04.06.18-S,EP4-BM-04.06.18-S-11,Bivalva,,10,E6,Rep_1,,,,
,2017-07-18,2018-06-04,HC,HC-BM-04.06.18,HC-BM-04.06.18-S,HC-BM-04.06.18-S-1,Amphipoda,,101,E7,Rep_1,153,5,,amp
,2017-07-18,2018-06-04,HC,HC-BM-04.06.18,HC-BM-04.06.18-S,HC-BM-04.06.18-S-2,Coleoptera,Elmidae,2,E8,Rep_1,,,,
,2017-07-18,2018-06-04,HC,HC-BM-04.06.18,HC-BM-04.06.18-S,HC-BM-04.06.18-S-3,Diptera,chironomidae L,54,E9,Rep_1,,,,
,2017-07-18,2018-06-04,HC,HC-BM-04.06.18,HC-BM-04.06.18-S,HC-BM-04.06.18-S-4,Annelida,,2,E10,Rep_1,,,,
,2017-07-18,2018-06-04,HC,HC-BM-04.06.18,HC-BM-04.06.18-S,HC-BM-04.06.18-S-5,Odonata,,1,F1,Rep_1,,,,
,2020-07-18,2018-06-07,AT,AT-BM-07.06.18,AT-BM-07.06.18-S,AT-BM-07.06.18-S1,Diptera,Chironomidae L,5,F9,Rep_1,,,,
,2020-07-18,2018-06-07,AT,AT-BM-07.06.18,AT-BM-07.06.18-S,AT-BM-07.06.18-S2,Coleoptera,Dystiscidae,3,F10,Rep_1,,,,
,2020-07-18,2018-06-07,AT,AT-BM-07.06.18,AT-BM-07.06.18-S,AT-BM-07.06.18-S3,Annelida,,1,G1,Rep_1,,,,
,2020-07-18,2018-06-07,AT,AT-BM-07.06.18,AT-BM-07.06.18-S,AT-BM-07.06.18-S4,Gastropoda,,2,G2,Rep_1,,,,
,20/07/2018,2018-06-07,AT,AT-BM-07.06.18,AT-BM-07.06.18-S,AT-BM-07.06.18-S-1,diptera,chironomidae L,5,,Rep_1,5,4,1,
,20/07/2018,2018-06-07,AT,AT-BM-07.06.18,AT-BM-07.06.18-S,AT-BM-07.06.18-S-2,Coleoptera,Dystiscidae,3,,Rep_1,,,,
,20/07/2018,2018-06-07,AT,AT-BM-07.06.18,AT-BM-07.06.18-S,AT-BM-07.06.18-S-3,Annelida,,1,,Rep_1,,,,
,20/07/2018,2018-06-07,AT,AT-BM-07.06.18,AT-BM-07.06.18-S,AT-BM-07.06.18-S-4,Gastropoda,,2,,Rep_1,,,,
,2019-07-18,2018-06-07,EP4,EP4-BM-07.06.18,EP4-BM-07.06.18-S,EP4-BM-07.06.18-S1,Diptera,Chironomidae L,292,F6,Rep_1,293,3,,"chirn, dyt, gas"
,2019-07-18,2018-06-07,EP4,EP4-BM-07.06.18,EP4-BM-07.06.18-S,EP4-BM-07.06.18-S2,Coleoptera,Dystiscidae,5,F7,Rep_1,,,,
,2019-07-18,2018-06-07,EP4,EP4-BM-07.06.18,EP4-BM-07.06.18-S,EP4-BM-07.06.18-S3,Diptera ,Chironomidae A,1,F8,Rep_1,,,,
,19/07/2018,2018-06-07,EP4,EP4-BM-07.06.18,EP4-BM-07.06.18-S,EP4-BM-07.06.18-S-1,Diptera,chironomidae L,292,,Rep_1,,,,
,19/07/2018,2018-06-07,EP4,EP4-BM-07.06.18,EP4-BM-07.06.18-S,EP4-BM-07.06.18-S-2,Coleoptera,Dystiscidae,5,,Rep_1,,,,
,19/07/2018,2018-06-07,EP4,EP4-BM-07.06.18,EP4-BM-07.06.18-S,EP4-BM-07.06.18-S-3,diptera,chironomidae A,1,,Rep_1,,,,
,1931-07-18,2018-06-07,HC,HC-BM-07.06.18,HC-BM-07.06.18-S,HC-BM-07.06.18-S1,Amphipoda,,37,G3,Rep_1,,,,
,1931-07-18,2018-06-07,HC,HC-BM-07.06.18,HC-BM-07.06.18-S,HC-BM-07.06.18-S2,Diptera,Chironomidae L,38,G4,Rep_1,,,,
,1931-07-18,2018-06-07,HC,HC-BM-07.06.18,HC-BM-07.06.18-S,HC-BM-07.06.18-S3,Coleoptera,Elmidae,1,G5,Rep_1,,,,
,1931-07-18,2018-06-07,HC,HC-BM-07.06.18,HC-BM-07.06.18-S,HC-BM-07.06.18-S4,Bivalva,,3,G6,Rep_1,,,,
,31/07/2018,2018-06-07,HC,HC-BM-07.06.18,HC-BM-07.06.18-S,HC-BM-07.06.18-S-1,Amphipoda,,37,,Rep_1,75,,2,
,31/07/2018,2018-06-07,HC,HC-BM-07.06.18,HC-BM-07.06.18-S,HC-BM-07.06.18-S-2,diptera,chironomidae L,38,,Rep_1,,,,
,31/07/2018,2018-06-07,HC,HC-BM-07.06.18,HC-BM-07.06.18-S,HC-BM-07.06.18-S-3,Coleoptera,elmidae,1,,Rep_1,,,,
,31/07/2018,2018-06-07,HC,HC-BM-07.06.18,HC-BM-07.06.18-S,HC-BM-07.06.18-S-4,Bivalva,,3,,Rep_1,,,,
,2015-02-19,2018-06-11,AT,AT-BM-11.06.18,AT-BM-11.06.18-S,AT-BM-11.06.18-S1,Diptera,Chiron Adult ,1,,Rep_1,10,0,0,
,2015-02-19,2018-06-11,AT,AT-BM-11.06.18,AT-BM-11.06.18-S,AT-BM-11.06.18-S2,Annelida,,8,,Rep_1,,,,
,2015-02-19,2018-06-11,AT,AT-BM-11.06.18,AT-BM-11.06.18-S,AT-BM-11.06.18-S3,Coleoptera,,1,,Rep_1,,,,
,2015-02-19,2018-06-11,EP4,EP4-BM-11.06.18,EP4-BM-11.06.18-S,EP4-BM-11.06.18-S1,Diptera,Chironomidae,15,,Rep_1,18,6,0,
,2015-02-19,2018-06-11,EP4,EP4-BM-11.06.18,EP4-BM-11.06.18-S,EP4-BM-11.06.18-S2,Annelida,,10,,Rep_1,,,,
,2015-02-19,2018-06-11,EP4,EP4-BM-11.06.18,EP4-BM-11.06.18-S,EP4-BM-11.06.18-S3,Coleoptera,Curculianidae,1,,Rep_1,,,,
,2015-02-19,2018-06-11,EP4,EP4-BM-11.06.18,EP4-BM-11.06.18-S,EP4-BM-11.06.18-S4,Ephemeroptera,Perlidae,1,,Rep_1,,,,
,2015-02-19,2018-06-11,HC,HC-BM-11.06.18,HC-BM-11.06.18-S,HC-BM-11.06.18-S1,Amphipoda,,60,,Rep_1,85,3,0,
,2015-02-19,2018-06-11,HC,HC-BM-11.06.18,HC-BM-11.06.18-S,HC-BM-11.06.18-S2,Diptera,Chironomidae,21,,Rep_1,,,,
,2015-02-19,2018-06-11,HC,HC-BM-11.06.18,HC-BM-11.06.18-S,HC-BM-11.06.18-S3,Diptera,Simuliidae ,3,,Rep_1,,,,
,2015-02-19,2018-06-11,HC,HC-BM-11.06.18,HC-BM-11.06.18-S,HC-BM-11.06.18-S4,Coleoptera,Elmidae,2,,Rep_1,,,,
,2015-02-19,2018-06-11,HC,HC-BM-11.06.18,HC-BM-11.06.18-S,HC-BM-11.06.18-S5,Gastropoda,,1,,Rep_1,,,,
,2015-02-19,2018-06-11,HC,HC-BM-11.06.18,HC-BM-11.06.18-S,HC-BM-11.06.18-S6,Diptera,Tabanidae,2,,Rep_1,,,,
,2019-02-19,2018-06-14,AT,AT-BM-14.06.18,AT-BM-14.06.18-S,AT-BM-14.06.18-S1,Coleoptera,Dystiscidae,2,,Rep_1,,,,
,2019-02-19,2018-06-14,AT,AT-BM-14.06.18,AT-BM-14.06.18-S,AT-BM-14.06.18-S2,Diptera,Chironomidae,3,,Rep_1,,,,
,2019-02-19,2018-06-14,AT,AT-BM-14.06.18,AT-BM-14.06.18-S,AT-BM-14.06.18-S3,Gastropoda,,9,,Rep_1,,,,
,2019-02-19,2018-06-14,AT,AT-BM-14.06.18,AT-BM-14.06.18-S,AT-BM-14.06.18-S4,Ephemeroptera,Heptageniidae,1,,Rep_1,,,,
,2019-02-19,2018-06-14,AT,AT-BM-14.06.18,AT-BM-14.06.18-S,AT-BM-14.06.18-S5,Diptera,Brachycera,1,,Rep_1,,,,
,20/02/2019,2018-06-14,AT,AT-BM-14.06.18,AT-BM-14.06.18-S,AT-BM-14.06.18-S1,Coleoptera,Dystiscidae,2,,Rep_1,11,5,,
,20/02/2019,2018-06-14,AT,AT-BM-14.06.18,AT-BM-14.06.18-S,AT-BM-14.06.18-S2,Diptera,Chironomidae,3,,Rep_1,,,,
,20/02/2019,2018-06-14,AT,AT-BM-14.06.18,AT-BM-14.06.18-S,AT-BM-14.06.18-S3,Gastropoda,,9,,Rep_1,,,,
,20/02/2019,2018-06-14,AT,AT-BM-14.06.18,AT-BM-14.06.18-S,AT-BM-14.06.18-S4,Ephemeroptera,Heptageniidae,1,,Rep_1,,,,
,20/02/2019,2018-06-14,AT,AT-BM-14.06.18,AT-BM-14.06.18-S,AT-BM-14.06.18-S5,Diptera,Brachycera,1,,Rep_1,,,,
,2019-02-19,2018-06-14,EP4,EP4-BM-14.06.18,EP4-BM-14.06.18-S,EP4-BM-14.06.18-S1,Diptera,Chironomidae,202,,Rep_1,204,0,0,
,2019-02-19,2018-06-14,EP4,EP4-BM-14.06.18,EP4-BM-14.06.18-S,EP4-BM-14.06.18-S2,Amphipoda,,1,,Rep_1,,,,
,2019-02-19,2018-06-14,EP4,EP4-BM-14.06.18,EP4-BM-14.06.18-S,EP4-BM-14.06.18-S3,Diptera,Simuliidae ,1,,Rep_1,,,,
,2019-02-19,2018-06-14,HC,HC-BM-14.06.18,HC-BM-14.06.18-S,HC-BM-14.06.18-S1,Diptera,Chironomidae,2,,Rep_1,4,0,0,
,2019-02-19,2018-06-14,HC,HC-BM-14.06.18,HC-BM-14.06.18-S,HC-BM-14.06.18-S2,Amphipoda,,2,,Rep_1,,,,
,24/04/2019,2018-06-18,AT,AT-BM-18.06.18,AT-BM-18.06.18-S,AT-BM-18.06.18-S1,Gastropoda,,13,,Rep_1,20,2,,
,24/04/2019,2018-06-18,AT,AT-BM-18.06.18,AT-BM-18.06.18-S,AT-BM-18.06.18-S2,Diptera,Chironomidae,3,,Rep_1,,,,
,24/04/2019,2018-06-18,AT,AT-BM-18.06.18,AT-BM-18.06.18-S,AT-BM-18.06.18-S3,Annelida,,7,,Rep_1,,,,
,24/04/2019,2018-06-18,EP4,EP4-BM-18.06.18,EP4-BM-18.06.18-S,EP4-BM-18.06.18-S1,Diptera,Chironomidae,167,,Rep_1,162,1,,
,24/04/2019,2018-06-18,EP4,EP4-BM-18.06.18,EP4-BM-18.06.18-S,EP4-BM-18.06.18-S2,Coleoptera,Dystiscidae,1,,Rep_1,,,,
,2019-02-28,2018-06-18,HC,HC-BM-18.06.18,HC-BM-18.06.18-S,HC-BM-18.06.18-S1,Amphipoda,,78,,Rep_1,84,2,,
,2019-02-28,2018-06-18,HC,HC-BM-18.06.18,HC-BM-18.06.18-S,HC-BM-18.06.18-S2,Hemiptera,Cicadellidae,1,,Rep_1,,,,
,2019-02-28,2018-06-18,HC,HC-BM-18.06.18,HC-BM-18.06.18-S,HC-BM-18.06.18-S3,Diptera,Tabanidae,1,,Rep_1,,,,
,2019-02-28,2018-06-18,HC,HC-BM-18.06.18,HC-BM-18.06.18-S,HC-BM-18.06.18-S4,Coleoptera,Elmidae,3,,Rep_1,,,,
,2019-02-28,2018-06-18,HC,HC-BM-18.06.18,HC-BM-18.06.18-S,HC-BM-18.06.18-S5,Tricoptera,hydopsychidae,1,,Rep_1,,,,
,22/04/2019,2018-06-21,AT,AT-BM-21.06.18,AT-BM-21.06.18-S,AT-BM-21.06.18-S1,Gastropoda,,36,,Rep_1,13,21,7,
,22/04/2019,2018-06-21,AT,AT-BM-21.06.18,AT-BM-21.06.18-S,AT-BM-21.06.18-S2,Bivalva,,1,,Rep_1,,,,
,22/04/2019,2018-06-21,AT,AT-BM-21.06.18,AT-BM-21.06.18-S,AT-BM-21.06.18-S3,Diptera,Chironomidae,2,,Rep_1,,,,
,22/04/2019,2018-06-21,AT,AT-BM-21.06.18,AT-BM-21.06.18-S,AT-BM-21.06.18-S4,Diptera,Tabanidae,1,,Rep_1,,,,
,22/04/2019,2018-06-21,AT,AT-BM-21.06.18,AT-BM-21.06.18-S,AT-BM-21.06.18-S5,Isopoda,,1,,Rep_1,,,,
,22/04/2019,2018-06-21,EP4,EP4-BM-21.06.18,EP4-BM-21.06.18,EP4-BM-21.06.18,Diptera,Chironomidae,76,,Rep_1,5,53,,
,22/04/2019,2018-06-21,HC,HC-BM-21.06.18,HC-BM-21.06.18-S,HC-BM-21.06.18-S1,Amphipoda,,37,,Rep_1,40,4,,
,22/04/2019,2018-06-21,HC,HC-BM-21.06.18,HC-BM-21.06.18-S,HC-BM-21.06.18-S2,Diptera,Chironomidae,9,,Rep_1,,,,
,19/03/2019,2018-06-25,EP4,EP4-BM-25.06.18,EP4-BM-25.06.18-S,EP4-BM-25.06.18-S-1,diptera,chironomidae,138,,Rep_1,,,,
,19/03/2019,2018-06-25,EP4,EP4-BM-25.06.18,EP4-BM-25.06.18-S,EP4-BM-25.06.18-S-2,Gastropoda,,15,,Rep_1,,,,
,09/03/2019,2018-06-25,HC,HC-BM-25.06.18,HC-BM-25.06.18-S,HC-BM-25.06.18-S-1,Amphipoda,,22,,Rep_1,34,2,1,
,09/03/2019,2018-06-25,HC,HC-BM-25.06.18,HC-BM-25.06.18-S,HC-BM-25.06.18-S-2,diptera,chironomidae,4,,Rep_1,,,,
,09/03/2019,2018-06-25,HC,HC-BM-25.06.18,HC-BM-25.06.18-S,HC-BM-25.06.18-S-3,Gastropoda,,3,,Rep_1,,,,
,09/03/2019,2018-06-25,HC,HC-BM-25.06.18,HC-BM-25.06.18-S,HC-BM-25.06.18-S-4,Bivalva,,7,,Rep_1,,,,
,09/03/2019,2018-06-25,HC,HC-BM-25.06.18,HC-BM-25.06.18-S,HC-BM-25.06.18-S-5,Coleoptera,elmidae,1,,Rep_1,,,,
,09/03/2019,2018-06-25,HC,HC-BM-25.06.18,HC-BM-25.06.18-S,HC-BM-25.06.18-S-6,Gastropoda,,8,,Rep_1,,,,
,09/03/2019,2018-06-25,HC,HC-BM-25.06.18,HC-BM-25.06.18-S,HC-BM-25.06.18-S-7,Isopoda,,1,,Rep_1,,,,
,09/03/2019,2018-06-25,HC,HC-BM-25.06.18,HC-BM-25.06.18-S,HC-BM-25.06.18-S-8,diptera,chironomidae,3,,Rep_1,,,,
,09/03/2019,2018-06-25,HC,HC-BM-25.06.18,HC-BM-25.06.18-S,HC-BM-25.06.18-S-9,Hemiptera,corixidae,1,,Rep_1,,,,
,09/03/2019,2018-06-25,HC,HC-BM-25.06.18,HC-BM-25.06.18-S,HC-BM-25.06.18-S-10,Coleoptera,dytiscidae,1,,Rep_1,,,,
,05/02/2019,2018-06-28,AT,AT-BM-28.06.18,AT-BM-28.06.18-S,AT-BM-28.06.18-S1,Hemiptera,corixidae,48,,Rep_1,10,42,,
,05/02/2019,2018-06-28,AT,AT-BM-28.06.18,AT-BM-28.06.18-S,AT-BM-28.06.18-S2,Gastropoda,,6,,Rep_1,,,,
,05/02/2019,2018-06-28,EP4,EP4-BM-28.06.18,EP4-BM-28.06.18-S,EP4-BM-28.06.18-S1,Diptera,Chironomidae,210,,Rep_1,143,15,,
,05/02/2019,2018-06-28,EP4,EP4-BM-28.06.18,EP4-BM-28.06.18-S,EP4-BM-28.06.18-S2,Coleoptera,Elmidae,1,,Rep_1,,,,
,05/02/2019,2018-06-28,EP4,EP4-BM-28.06.18,EP4-BM-28.06.18-S,EP4-BM-28.06.18-S3,Hemiptera,corixidae,3,,Rep_1,,,,
,24/04/2019,2018-06-28,HC,HC-BM-28.06.18,HC-BM-28.06.18-S,HC-BM-28.06.18-S1,Amphipoda,,279,,Rep_1,285,14,,
,24/04/2019,2018-06-28,HC,HC-BM-28.06.18,HC-BM-28.06.18-S,HC-BM-28.06.18-S2,Tricoptera,hydopsychidae,5,,Rep_1,,,,
,24/04/2019,2018-06-28,HC,HC-BM-28.06.18,HC-BM-28.06.18-S,HC-BM-28.06.18-S3,Bivalva,,1,,Rep_1,,,,
,24/04/2019,2018-06-28,HC,HC-BM-28.06.18,HC-BM-28.06.18-S,HC-BM-28.06.18-S4,Diptera,Athericidae,9,,Rep_1,,,,
,24/04/2019,2018-06-28,HC,HC-BM-28.06.18,HC-BM-28.06.18-S,HC-BM-28.06.18-S5,Diptera,Chironomidae,4,,Rep_1,,,,
Jess,14/11/2020,2018-07-02,AT,AT-BM-02-07-18,,,Gastropoda,,10,,Rep_1,,,,
Jess,14/11/2020,2018-07-02,AT,AT-BM-02-07-18,,,Coleoptera,Heteroceridae,1,,Rep_1,,,,
Jess,14/11/2020,2018-07-02,AT,AT-BM-02-07-18,,,Amphipoda,,1,,Rep_1,,,,
Jess,15/11/2020,2018-07-02,EP4,EP4-BM-02-07-18,,,Diptera,chironomidae L,95,,Rep_1,,,,
Jess,15/11/2020,2018-07-02,EP4,EP4-BM-02-07-18,,,Trichoptera,Hydropsychidae L. ,1,,Rep_1,,,,
Jess,15/11/2020,2018-07-02,EP4,EP4-BM-02-07-18,,,Coleoptera,Halpilidae L. ,2,,Rep_1,,,,
Jess,15/11/2020,2018-07-02,EP4,EP4-BM-02-07-18,,,Diptera,Dolichopodidae L. ,1,,Rep_1,,,,
Jess,3/11/2020,2018-07-02,HC,HC-BM-02-07-18,,,Amphipoda,,45,,Rep_1,,,,
Jess,3/11/2020,2018-07-02,HC,HC-BM-02-07-18,,,Odonata,,1,"Destroyed, can't ID",Rep_1,,,,
Jess,3/11/2020,2018-07-02,HC,HC-BM-02-07-18,,,Trichoptera,hydopsychidae L. ,2,,Rep_1,,,,
,12/03/2019,2018-07-12,AT,AT-BM-12.07.18,AT-BM-12.07.18-S,AT-BM-12.07.18-S-1,Coleoptera,Haliplidae,3,,Rep_1,4,9,1,halpilids
,12/03/2019,2018-07-12,AT,AT-BM-12.07.18,AT-BM-12.07.18-S,AT-BM-12.07.18-S-2,Hemiptera,corixidae,3,,Rep_1,,,,
,12/03/2019,2018-07-12,AT,AT-BM-12.07.18,AT-BM-12.07.18-S,AT-BM-12.07.18-S-3,Gastropoda,,5,,Rep_1,,,,
,12/03/2019,2018-07-12,AT,AT-BM-12.07.18,AT-BM-12.07.18-S,AT-BM-12.07.18-S-4,Coleoptera,Hydrophilidae,1,,Rep_1,,,,
,12/03/2019,2018-07-12,AT,AT-BM-12.07.18,AT-BM-12.07.18-S,AT-BM-12.07.18-S-5,Isopoda,,1,,Rep_1,,,,
,12/03/2019,2018-07-12,AT,AT-BM-12.07.18,AT-BM-12.07.18-S,AT-BM-12.07.18-S-6,Bivalva,,1,,Rep_1,,,,
,12/03/2019,2018-07-12,EP4,EP4-BM.12.07.18,EP4-BM.12.07.18-S,EP4-BM.12.07.18-S-1,Ephemeroptera,proetidae,11,,Rep_1,154,17,0,
,12/03/2019,2018-07-12,EP4,EP4-BM.12.07.18,EP4-BM.12.07.18-S,EP4-BM.12.07.18-S-2,diptera,chironomidae,83,,Rep_1,,,,
,12/03/2019,2018-07-12,EP4,EP4-BM.12.07.18,EP4-BM.12.07.18-S,EP4-BM.12.07.18-S-3,diptera,Athericidae,1,,Rep_1,,,,
,12/03/2019,2018-07-12,EP4,EP4-BM.12.07.18,EP4-BM.12.07.18-S,EP4-BM.12.07.18-S-4,Megaloptera,,1,,Rep_1,,,,
,12/03/2018,2018-07-12,HC,HC-BM-12.07.18,HC-BM-12.07.18-S,HC-BM-12.07.18-S-1,Amphipoda,,300,,Rep_1,152,137,0,tricoptera
,12/03/2019,2018-07-12,HC,HC-BM-12.07.18,HC-BM-12.07.18-S,HC-BM-12.07.18-S-2,Tricoptera,hydopsychidae,31,,Rep_1,,,,
,12/03/2019,2018-07-12,HC,HC-BM-12.07.18,HC-BM-12.07.18-S,HC-BM-12.07.18-S-1,Hymenoptera,Formicidae,2,,Rep_1,,,,
,12/03/2019,2018-07-12,HC,HC-BM-12.07.18,HC-BM-12.07.18-S,HC-BM-12.07.18-S-2,Coleoptera,Elmidae,1,,Rep_1,,,,
,12/03/2019,2018-07-12,HC,HC-BM-12.07.18,HC-BM-12.07.18-S,HC-BM-12.07.18-S-3,diptera,Tabanidae,2,,Rep_1,,,,
,06/05/2019,2018-07-16,AT,AT-BM-16.07.18,AT-BM-16.07.18-S,AT-BM-16.07.18-S1,Hirudinea,,1,,Rep_1,10,4,,
,06/05/2019,2018-07-16,AT,AT-BM-16.07.18,AT-BM-16.07.18-S,AT-BM-16.07.18-S2,Amphipoda,,1,,Rep_1,,,,
,06/05/2019,2018-07-16,AT,AT-BM-16.07.18,AT-BM-16.07.18-S,AT-BM-16.07.18-S3,Coleoptera,Dystiscidae,1,,Rep_1,,,,
,06/05/2019,2018-07-16,AT,AT-BM-16.07.18,AT-BM-16.07.18-S,AT-BM-16.07.18-S4,Gastropoda,,11,,Rep_1,,,,
,06/05/2019,2018-07-16,AT,AT-BM-16.07.18,AT-BM-16.07.18-S,AT-BM-16.07.18-S5,Bivalva,,1,,Rep_1,,,,
,05/03/2019,2018-07-16,EP4,EP4-BM-16.07.18,EP4-BM-16.07.18-S,EP4-BM-16.07.18-S1,Diptera,Chironomidae,68,,Rep_1,68,5,,
,05/03/2019,2018-07-16,EP4,EP4-BM-16.07.18,EP4-BM-16.07.18-S,EP4-BM-16.07.18-S2,Coleoptera,Dystiscidae,2,,Rep_1,,,,
,05/03/2019,2018-07-16,EP4,EP4-BM-16.07.18,EP4-BM-16.07.18-S,EP4-BM-16.07.18-S3,Plecoptera,Perlidae,1,,Rep_1,,,,
,05/03/2019,2018-07-16,EP4,EP4-BM-16.07.18,EP4-BM-16.07.18-S,EP4-BM-16.07.18-S4,Amphipoda,,1,,Rep_1,,,,
,05/03/2019,2018-07-16,HC,HC-BM-16.07.18,HC-BM-16.07.18-S,HC-BM-16.07.18-S1,Amphipoda,,165,,Rep_1,170,2,,
,05/03/2019,2018-07-16,HC,HC-BM-16.07.18,HC-BM-16.07.18-S,HC-BM-16.07.18-S2,Megaloptera,,1,,Rep_1,,,,
,05/03/2019,2018-07-16,HC,HC-BM-16.07.18,HC-BM-16.07.18-S,HC-BM-16.07.18-S3,Coleoptera,Elmidae,3,,Rep_1,,,,
,05/03/2019,2018-07-16,HC,HC-BM-16.07.18,HC-BM-16.07.18-S,HC-BM-16.07.18-S4,Diptera,Chironomidae,6,,Rep_1,,,,
,05/03/2019,2018-07-16,HC,HC-BM-16.07.18,HC-BM-16.07.18-S,HC-BM-16.07.18-S5,Diptera,Athericidae,5,,Rep_1,,,,
,05/03/2019,2018-07-16,HC,HC-BM-16.07.18,HC-BM-16.07.18-S,HC-BM-16.07.18-S6,Tricoptera,hydopsychidae,1,,Rep_1,,,,
Jess,2/11/2020,2018-07-23,AT,AT-BM-23-07-18,,,Gastropoda,,7,,Rep_1,,,,
Jess,30/10/2020,2018-07-23,EP4,EP4-BM-23-07-18,,,Diptera,chironomidae L,8,,Rep_1,,,,
Jess,3/11/2020,2018-07-23,HC,HC-BM-23-07-18,,,Amphipoda,,24,,Rep_1,,,,
Jess,3/11/2020,2018-07-23,HC,HC-BM-23-07-18,,,Trichoptera,hydopsychidae L.,3,"2 small, 1 medium",Rep_1,,,,
Jess,24/10/2020,2018-07-26,AT,AT-BM-26-07-18,,,Gastropoda,,12,,Rep_1,,,,
Jess,24/10/2020,2018-07-26,AT,AT-BM-26-07-18,, ,Annelida,,2,,Rep_1,,,,
Jess,24/10/2020,2018-07-26,AT,AT-BM-26-07-18,,,Diptera,,2,larvae,Rep_1,,,,
Jess,24/10/2020,2018-07-26,AT,AT-BM-26-07-18,,,Hemiptera,Corixidae,2,,Rep_1,,,,
Jess,29/10/2020,2018-07-26,EP4,EP4-BM-26-07-18,,,Diptera,chironomidae L,112,,Rep_1,,,,
Jess,29/10/2020,2018-07-26,EP4,EP4-BM-26-07-18,,,Diptera,Ceratopogonidae L.,1,,Rep_1,,,,
Jess,29/10/2020,2018-07-26,EP4,EP4-BM-26-07-18,,,Coleoptera,Gyrinidae L.,1,,Rep_1,,,,
Jess,20/10/2020,2018-07-26,HC,HC-BM-26-07-18,,,Amphipoda,,24,,Rep_1,,,,
Jess,20/10/2020,2018-07-26,HC,HC-BM-26-07-18,,,Diptera,chironomidae L,9,,Rep_1,,,,
Jess,20/10/2020,2018-07-26,HC,HC-BM-26-07-18,,,Diptera,,1,,Rep_1,,,,
Jess,2020-11-19,2018-10-08,EP4,EP4-BM-08-10-18,,,Diptera,chironomidae L,6,,Rep_1,,,,
,12/03/2019,2018-08-20,HC,HC-BM-20.08.18,HC-BM-20.08.18-S,HC-BM-20.08.18-S-1,Amphipoda,,3,,Rep_1,9,1,0,
,12/03/2019,2018-08-20,HC,HC-BM-20.08.18,HC-BM-20.08.18-S,HC-BM-20.08.18-S-2,diptera,chironomidae,3,,Rep_1,,,,
,12/03/2019,2018-08-20,HC,HC-BM-20.08.18,HC-BM-20.08.18-S,HC-BM-20.08.18-S-3,Coleoptera,dytiscidae,1,,Rep_1,,,,
,12/03/2019,2018-08-20,HC,HC-BM-20.08.18,HC-BM-20.08.18-S,HC-BM-20.08.18-S-4,Bivalva,,2,,Rep_1,,,,
,12/03/2019,2018-08-20,AT,AT-BM-20.08.18,AT-BM-20.08.18-S,AT-BM-20.08.18-S-1,Amphipoda,,1,,Rep_1,1,2,3,leeches
,12/03/2019,2018-08-20,AT,AT-BM-20.08.18,AT-BM-20.08.18-S,AT-BM-20.08.18-S-2,Annelida,hirudinae,2,,Rep_1,,,,
,12/03/2019,2018-08-20,AT,AT-BM-20.08.18,AT-BM-20.08.18-S,AT-BM-20.08.18-S-3,Gastropoda,,3,,Rep_1,,,,
,12/03/2019,2018-08-20,EP4,EP4-BM-20.08.18,EP4-BM-20.08.18-S,EP4-BM-20.08.18-S-1,diptera,chironomidae,29,,Rep_1,15,19,0,
,12/03/2019,2018-08-20,EP4,EP4-BM-20.08.18,EP4-BM-20.08.18-S,EP4-BM-20.08.18-S-2,Tricoptera,hydopsychidae,4,,Rep_1,,,,
,12/03/2019,2018-08-20,EP4,EP4-BM-20.08.18,EP4-BM-20.08.18-S,EP4-BM-20.08.18-S-3,Coleoptera,dytiscidae,1,,Rep_1,,,,
,12/03/2019,2018-08-20,EP4,EP4-BM-20.08.18,EP4-BM-20.08.18-S,EP4-BM-20.08.18-S-4,Ephemeroptera,baetidae,7,,Rep_1,,,,
,12/03/2019,2018-08-30,AT,AT-BM-30.08.18,AT-BM-30.08.18-S,AT-BM-30.08.18-S-1,Hemiptera,corixidae,7,,Rep_1,15,9,6,
,12/03/2019,2018-08-30,AT,AT-BM-30.08.18,AT-BM-30.08.18-S,AT-BM-30.08.18-S-2,Amphipoda,,1,,Rep_1,,,,
,12/03/2019,2018-08-30,AT,AT-BM-30.08.18,AT-BM-30.08.18-S,AT-BM-30.08.18-S-3,Annelida,hirudinae,1,,Rep_1,,,,
,12/03/2019,2018-08-30,AT,AT-BM-30.08.18,AT-BM-30.08.18-S,AT-BM-30.08.18-S-4,Coleoptera,Elmidae,1,,Rep_1,,,,
,13/03/2019,2018-08-30,AT,AT-BM-30.08.18,AT-BM-30.08.18-S,AT-BM-30.08.18-S-1,Gastropoda,,18,,Rep_1,,,,
,13/03/2019,2018-08-30,AT,AT-BM-30.08.18,AT-BM-30.08.18-S,AT-BM-30.08.18-S-2,Bivalva,,1,,Rep_1,,,,
,13/03/2019,2018-08-30,AT,AT-BM-30.08.18,AT-BM-30.08.18-S,AT-BM-30.08.18-S-3,Ephemeroptera,baetidae,1,,Rep_1,,,,
,13/03/2019,2018-08-30,EP4,EP4-BM-30.08.18,EP4-BM-30.08.18-S,EP4-BM-30.08.18-S-1,Amphipoda,,3,,Rep_1,12,1,0,
,13/03/2019,2018-08-30,EP4,EP4-BM-30.08.18,EP4-BM-30.08.18-S,EP4-BM-30.08.18-S-2,diptera,chironomidae,6,,Rep_1,,,,
,13/03/2019,2018-08-30,EP4,EP4-BM-30.08.18,EP4-BM-30.08.18-S,EP4-BM-30.08.18-S-3,Ephemeroptera,baetidae,2,,Rep_1,,,,
,13/03/2019,2018-08-30,EP4,EP4-BM-30.08.18,EP4-BM-30.08.18-S,EP4-BM-30.08.18-S-4,Gastropoda,,2,,Rep_1,,,,
,13/03/2019,2018-08-30,EP4,EP4-BM-30.08.18,EP4-BM-30.08.18-S,EP4-BM-30.08.18-S-5,Coleoptera,Elmidae,1,,Rep_1,,,,
,12/03/2019,2018-08-30,HC,HC-BM-30.08.18,HC-BM-30.08.18-S,HC-BM-30.08.18-S-1,Amphipoda,,24,,Rep_1,33,10,0,
,12/03/2019,2018-08-30,HC,HC-BM-30.08.18,HC-BM-30.08.18-S,HC-BM-30.08.18-S-2,Tricoptera,hydopsychidae,16,,Rep_1,,,,
,12/03/2019,2018-08-30,HC,HC-BM-30.08.18,HC-BM-30.08.18-S,HC-BM-30.08.18-S-3,diptera,chironomidae,3,,Rep_1,,,,
,12/03/2019,2018-08-30,HC,HC-BM-30.08.18,HC-BM-30.08.18-S,HC-BM-30.08.18-S-4,Gastropoda,,3,,Rep_1,,,,
,12/03/2019,2018-08-30,HC,HC-BM-30.08.18,HC-BM-30.08.18-S,HC-BM-30.08.18-S-5,Coleoptera,elmidae,1,,Rep_1,,,,
,12/03/2019,2018-08-30,HC,HC-BM-30.08.18,HC-BM-30.08.18-S,HC-BM-30.08.18-S-6,diptera,Athericidae,1,,Rep_1,,,,
,12/03/2019,2018-08-30,HC,HC-BM-30.08.18,HC-BM-30.08.18-S,HC-BM-30.08.18-S-7,Bivalva,,1,,Rep_1,,,,
,05/03/2019,2018-09-03,AT,AT-BM-03.09.18,AT-BM-03.09.18-S,AT-BM-03.09.18-S1,Gastropoda,,39,,Rep_1,29,10,3,
,05/03/2019,2018-09-03,AT,AT-BM-03.09.18,AT-BM-03.09.18-S,AT-BM-03.09.18-S2,Bivalva,,2,,Rep_1,,,,
,05/03/2019,2018-09-03,AT,AT-BM-03.09.18,AT-BM-03.09.18-S,AT-BM-03.09.18-S3,Hemiptera,corixidae,1,,Rep_1,,,,
,05/03/2019,2018-09-03,AT,AT-BM-03.09.18,AT-BM-03.09.18-S,AT-BM-03.09.18-S4,Bivalva,,1,,Rep_1,,,,
,05/03/2019,2018-09-03,HC,HC-BM-03.09.18,HC-BM-03.09.18-S,HC-BM-03.09.18-S1,Amphipoda,,17,,Rep_1,23,4,,
,05/03/2019,2018-09-03,HC,HC-BM-03.09.18,HC-BM-03.09.18-S,HC-BM-03.09.18-S2,Tricoptera,hydopsychidae,1,,Rep_1,,,,
,05/03/2019,2018-09-03,HC,HC-BM-03.09.18,HC-BM-03.09.18-S,HC-BM-03.09.18-S3,Diptera,Athericidae,3,,Rep_1,,,,
,05/03/2019,2018-09-03,HC,HC-BM-03.09.18,HC-BM-03.09.18-S,HC-BM-03.09.18-S4,Diptera,Chironomidae,2,,Rep_1,,,,
,05/03/2019,2018-09-03,HC,HC-BM-03.09.18,HC-BM-03.09.18-S,HC-BM-03.09.18-S5,Diptera,Tanyderidae,1,,Rep_1,,,,
,05/03/2019,2018-09-03,HC,HC-BM-03.09.18,HC-BM-03.09.18-S,HC-BM-03.09.18-S6,Bivalva,,3,,Rep_1,,,,
,05/03/2019,2018-09-03,HC,HC-BM-03.09.18,HC-BM-03.09.18-S,HC-BM-03.09.18-S7,Coleoptera,Elmidae,1,,Rep_1,,,,
,05/03/2019,2018-09-03,HC,HC-BM-03.09.18,HC-BM-03.09.18-S,HC-BM-03.09.18-S8,Diptera,Tabanidae,1,,Rep_1,,,,
,05/03/2019,2018-09-03,HC,HC-BM-03.09.18,HC-BM-03.09.18-S,HC-BM-03.09.18-S9,Coleoptera,Carabidae,2,,Rep_1,,,,
,05/03/2019,2018-09-03,HC,HC-BM-03.09.18,HC-BM-03.09.18-S,HC-BM-03.09.18-S10,Gastropoda,,1,,Rep_1,,,,
,15/03/2019,2018-09-17,AT,AT-BM-17.09.18,AT-BM-17.09.18-S,AT-BM-17.09.18-S-1,Bivalva,,1,,Rep_1,,,,
,14/03/2019,2018-09-17,EP4,EP4-BM-17.09.18,EP4-BM-17.09.18-S,EP4-BM-17.09.18-S-1,diptera,chironomidae,63,,Rep_1,1,0,0,
,14/03/2019,2018-09-17,EP4,EP4-BM-17.09.18,EP4-BM-17.09.18-S,EP4-BM-17.09.18-S-2,Coleoptera,halpilidae,1,,Rep_1,,,,
,14/03/2019,2018-09-17,EP4,EP4-BM-17.09.18,EP4-BM-17.09.18-S,EP4-BM-17.09.18-S-3,Amphipoda,,2,,Rep_1,,,,
,15/03/2019,2018-09-17,HC,HC-BM-17.09.18,HC-BM-17.09.18-S,HC-BM-17.09.18-S-1,Amphipoda,,2,,Rep_1,11,2,1,
,15/03/2019,2018-09-17,HC,HC-BM-17.09.18,HC-BM-17.09.18-S,HC-BM-17.09.18-S-2,Tricoptera,hydopsychidae,5,,Rep_1,,,,
,15/03/2019,2018-09-17,HC,HC-BM-17.09.18,HC-BM-17.09.18-S,HC-BM-17.09.18-S-3,Gastropoda,,1,,Rep_1,,,,
,15/03/2019,2018-09-17,HC,HC-BM-17.09.18,HC-BM-17.09.18-S,HC-BM-17.09.18-S-4,diptera,chironomidae,2,,Rep_1,,,,
,15/03/2019,2018-09-17,HC,HC-BM-17.09.18,HC-BM-17.09.18-S,HC-BM-17.09.18-S-5,Bivalva,,1,,Rep_1,,,,
,15/03/2019,2018-09-17,HC,HC-BM-17.09.18,HC-BM-17.09.18-S,HC-BM-17.09.18-S-6,Ephemeroptera,baetidae,1,,Rep_1,,,,
,15/03/2019,2018-09-17,HC,HC-BM-17.09.18,HC-BM-17.09.18-S,HC-BM-17.09.18-S-7,Gastropoda,,2,,Rep_1,,,,
,19/03/2019,2018-09-27,AT,AT-BM-27.09.18,AT-BM-27.09.18-S,AT-BM-27.09.18-S-1,Gastropoda,,1,,Rep_1,1,0,1,
,19/03/2019,2018-09-27,AT,AT-BM-27.09.18,AT-BM-27.09.18-S,AT-BM-27.09.18-S-2,diptera,tabanidae,1,,Rep_1,,,,
,15/03/2019,2018-09-27,EP4,EP4-BM-27.09.18,EP4-BM-27.09.18-S,EP4-BM-27.09.18-S-1,diptera,chironomidae,317,,Rep_1,230,30,1,tipulidae
,15/03/2019,2018-09-27,EP4,EP4-BM-27.09.18,EP4-BM-27.09.18-S,EP4-BM-27.09.18-S-2,Coleoptera,dytiscidae,2,,Rep_1,,,,
,15/03/2019,2018-09-27,EP4,EP4-BM-27.09.18,EP4-BM-27.09.18-S,EP4-BM-27.09.18-S-3,diptera,tipulidae,1,,Rep_1,,,,
,15/03/2019,2018-09-27,EP4,EP4-BM-27.09.18,EP4-BM-27.09.18-S,EP4-BM-27.09.18-S-4,Gastropoda,,1,,Rep_1,,,,
,15/03/2019,2018-09-27,EP4,EP4-BM-27.09.18,EP4-BM-27.09.18-S,EP4-BM-27.09.18-S-5,Bivalva,,1,,Rep_1,,,,
,15/03/2019,2018-09-27,EP4,EP4-BM-27.09.18,EP4-BM-27.09.18-S,EP4-BM-27.09.18-S-6,diptera,ceratopogonidae ,1,,Rep_1,,,,
,19/03/2019,2018-09-27,HC,HC-BM-27.09.18,HC-BM-27.09.18-S,HC-BM-27.09.18-S-1,Amphipoda,,4,,Rep_1,14,5,1,odonta
,19/03/2019,2018-09-27,HC,HC-BM-27.09.18,HC-BM-27.09.18-S,HC-BM-27.09.18-S-2,Tricoptera,hydopsychidae,1,,Rep_1,,,,
,19/03/2019,2018-09-27,HC,HC-BM-27.09.18,HC-BM-27.09.18-S,HC-BM-27.09.18-S-3,diptera,chironomidae,3,,Rep_1,,,,
,19/03/2019,2018-09-27,HC,HC-BM-27.09.18,HC-BM-27.09.18-S,HC-BM-27.09.18-S-4,Annelida,hirudinae,1,,Rep_1,,,,
,19/03/2019,2018-09-27,HC,HC-BM-27.09.18,HC-BM-27.09.18-S,HC-BM-27.09.18-S-5,Odonata,,1,,Rep_1,,,,
,19/03/2019,2018-09-27,HC,HC-BM-27.09.18,HC-BM-27.09.18-S,HC-BM-27.09.18-S-6,Coleoptera,elmidae,2,,Rep_1,,,,
,19/03/2019,2018-09-27,HC,HC-BM-27.09.18,HC-BM-27.09.18-S,HC-BM-27.09.18-S-7,Gastropoda,,3,,Rep_1,,,,
,19/03/2019,2018-09-27,HC,HC-BM-27.09.18,HC-BM-27.09.18-S,HC-BM-27.09.18-S-8,Bivalva,,6,,Rep_1,,,,
Jess,2020-11-19,2018-10-04,AT,AT-BM-04-10-18,,,,,0,empty,Rep_1,,,,
Jess,2020-11-19,2018-10-04,EP4,EP4-BM-04-10-18,,,Coleoptera,Coccinellidae,1,,Rep_1,,,,
Jess,2020-11-19,2018-10-04,HC,HC-BM-04-10-18,,,Amphipoda,,17,,Rep_1,,,,
Jess,2020-11-19,2018-10-04,HC,EP4-BM-04-10-18,,,Diptera,chironomidae L,26,,Rep_1,,,,
Jess,2020-11-19,2018-10-08,AT,AT-BM-08-10-18,,,Gastropoda,,1,,Rep_1,,,,
Jess,2020-11-19,2018-10-08,HC,HC-BM-08-10-18,,,,,0,empty,Rep_1,,,,
,19/03/2019,2018-10-11,AT,AT-BM-11.10.18,AT-BM-11.10.18-S,AT-BM-11.10.18-S-1,copepoda,,1,,Rep_1,3,1,0,
,19/03/2019,2018-10-11,AT,AT-BM-11.10.18,AT-BM-11.10.18-S,AT-BM-11.10.18-S-2,Gastropoda,,3,,Rep_1,,,,
,19/03/2019,2018-10-11,EP4,EP4-BM-11.10.18,EP4-BM-11.10.18-S,EP4-BM-11.10.18-S-1,diptera,tipulidae,2,,Rep_1,28,35,2,big chirm
,19/03/2019,2018-10-11,EP4,EP4-BM-11.10.18,EP4-BM-11.10.18-S,EP4-BM-11.10.18-S-2,diptera,chironomidae,58,,Rep_1,,,,
,19/03/2019,2018-10-11,EP4,EP4-BM-11.10.18,EP4-BM-11.10.18-S,EP4-BM-11.10.18-S-3,Tricoptera,hydopsychidae,2,,Rep_1,,,,
,19/03/2019,2018-10-11,EP4,EP4-BM-11.10.18,EP4-BM-11.10.18-S,EP4-BM-11.10.18-S-4,Amphipoda,,1,,Rep_1,,,,
,19/03/2019,2018-10-11,EP4,EP4-BM-11.10.18,EP4-BM-11.10.18-S,EP4-BM-11.10.18-S-5,Coleoptera,dytiscidae,1,,Rep_1,,,,
,19/03/2019,2018-10-11,EP4,EP4-BM-11.10.18,EP4-BM-11.10.18-S,EP4-BM-11.10.18-S-6,Gastropoda,,1,,Rep_1,,,,
,19/03/2019,2018-10-11,HC,HC-BM-11.10.18,HC-BM-11.10.18-S,HC-BM-11.10.18-S-1,Amphipoda,,11,,Rep_1,19,7,0,
,19/03/2019,2018-10-11,HC,HC-BM-11.10.18,HC-BM-11.10.18-S,HC-BM-11.10.18-S-2,Tricoptera,hydopsychidae,3,,Rep_1,,,,
,19/03/2019,2018-10-11,HC,HC-BM-11.10.18,HC-BM-11.10.18-S,HC-BM-11.10.18-S-3,diptera,chironomidae,1,,Rep_1,,,,
,19/03/2019,2018-10-11,HC,HC-BM-11.10.18,HC-BM-11.10.18-S,HC-BM-11.10.18-S-4,annelida,hirudinae,1,,Rep_1,,,,
,19/03/2019,2018-10-11,HC,HC-BM-11.10.18,HC-BM-11.10.18-S,HC-BM-11.10.18-S-5,diptera,Athericidae,1,,Rep_1,,,,
,19/03/2019,2018-10-11,HC,HC-BM-11.10.18,HC-BM-11.10.18-S,HC-BM-11.10.18-S-6,Gastropoda,,3,,Rep_1,,,,
,19/03/2019,2018-10-11,HC,HC-BM-11.10.18,HC-BM-11.10.18-S,HC-BM-11.10.18-S-7,Bivalva,,7,,Rep_1,,,,
,19/03/2019,2018-10-11,HC,HC-BM-11.10.18,HC-BM-11.10.18-S,HC-BM-11.10.18-S-8,Coleoptera,,1,,Rep_1,,,,
Jess,2020-11-19,2018-10-15,EP4,EP4-BM-15-10-18,,,Hemiptera,Corixidae,2,,Rep_1,,,,
Jess,2020-11-19,2018-10-15,HC,HC-BM-15-10-18,,,Amphipoda,,6,,Rep_1,,,,
Jess,2020-11-19,2018-10-15,EP4,EP4-BM-15-10-18,,,Diptera,Tipulidae L. ,1,,Rep_1,,,,
Jess,2020-11-19,2018-10-15,EP4,EP4-BM-15-10-18,,,Gastropoda,,1,looked in subsample for #,Rep_1,,,,
Jess,2020-11-19,2018-10-15,HC,HC-BM-15-10-18,,,Diptera ,Tipulidae L. ,1,,Rep_1,,,,
Jess,2020-11-19,2018-10-15,HC,HC-BM-15-10-18,,,Odonata,Calopterygidae N.,1,,Rep_1,,,,
Jess,15/11/2020,2018-10-18,AT,AT-BM-18-10-18,,,,,0,empty,Rep_1,,,,
Jess,2020-11-19,2018-10-18,AT,AT-BM-18-10-18,,,,,0,empty,Rep_1,,,,
Jess,17/10/2020,2018-10-18,EP4,EP4-BM-18-10-18,,,Diptera,chironomidae L,4,,Rep_1,,,,
Jess,15/11/2020,2018-10-18,HC,HC-BM-18-10-18,,,Amphipoda,,4,,Rep_1,,,,
Jess,2020-11-19,2018-10-18,HC,HC-BM-25-10-18,,,Amphipoda,,2,,Rep_1,,,,
Jess,2020-11-19,2018-10-22,AT,AT-BM-22-10-18,,,Diptera,chironomidae L,2,,Rep_1,,,,
Jess,2020-11-19,2018-10-22,AT,AT-BM-22-10-18,,,Trichoptera,Limnephilidae L. ,1,,Rep_1,,,,
Jess,2020-11-19,2018-10-22,EP4,EP4-BM-22-10-18,,,Diptera,chironomidae L,28,,Rep_1,,,,
Jess,17/10/2020,2018-10-22,HC,HC-BM-22-10-18,,,,,0,empty,Rep_1,,,,
Jess,2020-11-19,2018-10-25,AT,AT-BM-25-10-18,,,,,0,empty,Rep_1,,,,
Jess,2020-11-19,2018-10-25,EP4,EP4-BM-25-10-18,,,Diptera,chironomidae L,21,,Rep_1,,,,
Jess,2020-11-19,2018-10-25,HC,EP4-BM-25-10-18,,,Megaloptera,Sialidae,1,,Rep_1,,,,
Jess,2020-11-19,2018-10-29,AT,AT-BM-29-10-18,,,,,0,empty,Rep_1,,,,
Jess,2020-11-19,2018-10-29,EP4,EP4-BM-29-10-18,,,Diptera,chironomidae L,17,,Rep_1,,,,
Jess,2020-11-19,2018-10-29,HC,HC-BM-29-10-18,,,,,0,empty,Rep_1,,,,
,19/03/2019,2018-11-01,AT,AT-BM-1.11.18,AT-BM-1.11.18-S,AT-BM-1.11.18-S-1,Diptera,Tabanidae,1,,Rep_1,8,5,0,
,19/03/2019,2018-11-01,AT,AT-BM-1.11.18,AT-BM-1.11.18-S,AT-BM-1.11.18-S-2,Gastropoda,,10,,Rep_1,,,,
,19/03/2019,2018-11-01,AT,AT-BM-1.11.18,AT-BM-1.11.18-S,AT-BM-1.11.18-S-3,Bivalva,,1,,Rep_1,,,,
,19/03/2019,2018-11-01,EP4,EP4-BM-1.11.18,EP4-BM-1.11.18-S,EP4-BM-1.11.18-S-1,diptera,tipulidae,1,,Rep_1,17,13,3,
,19/03/2019,2018-11-01,EP4,EP4-BM-1.11.18,EP4-BM-1.11.18-S,EP4-BM-1.11.18-S-2,Amphipoda,,2,,Rep_1,,,,
,19/03/2019,2018-11-01,EP4,EP4-BM-1.11.18,EP4-BM-1.11.18-S,EP4-BM-1.11.18-S-3,Annelida,,1,,Rep_1,,,,
,19/03/2019,2018-11-01,EP4,EP4-BM-1.11.18,EP4-BM-1.11.18-S,EP4-BM-1.11.18-S-4,Gastropoda,,8,,Rep_1,,,,
,19/03/2019,2018-11-01,EP4,EP4-BM-1.11.18,EP4-BM-1.11.18-S,EP4-BM-1.11.18-S-5,diptera,chironomidae,21,,Rep_1,,,,
,19/03/2019,2018-11-01,EP4,EP4-BM-1.11.18,EP4-BM-1.11.18-S,EP4-BM-1.11.18-S-6,bivalva,,2,,Rep_1,,,,
,19/03/2019,2018-11-01,HC,HC-BM-1.11.18,HC-BM-1.11.18-S,HC-BM-1.11.18-S-1,Odonata,,1,,Rep_1,2,2,0,
,19/03/2019,2018-11-01,HC,HC-BM-1.11.18,HC-BM-1.11.18-S,HC-BM-1.11.18-S-2,Annelida,hirudinae,1,,Rep_1,,,,
,19/03/2019,2018-11-01,HC,HC-BM-1.11.18,HC-BM-1.11.18-S,HC-BM-1.11.18-S-3,Gastropoda,,1,,Rep_1,,,,
,19/03/2019,2018-11-01,HC,HC-BM-1.11.18,HC-BM-1.11.18-S,HC-BM-1.11.18-S-4,Bivalva,,1,,Rep_1,,,,
,31/05/2018,2018-05-03,AT,AT-BM-03.05.18,AT-BM-03.05.18-S,AT-BM-03.05.18-S-1,Diptera,Chironomidae L,101,B3,Rep_1,178,4,,"A7, A8"
,31/05/2018,2018-05-03,AT,AT-BM-03.05.18,AT-BM-03.05.18-S,AT-BM-03.05.18-S-2,Diptera,Chironomidae A,37,B4,Rep_1,,,,
,31/05/2018,2018-05-03,AT,AT-BM-03.05.18,AT-BM-03.05.18-S,AT-BM-03.05.18-S-3,Diptera,Simuliidae L,14,B5,Rep_1,,,,
,31/05/2018,2018-05-03,AT,AT-BM-03.05.18,AT-BM-03.05.18-S,AT-BM-03.05.18-S-4,Hymenoptera,Chaleidoidea,1,B6,Rep_1,,,,
,31/05/2018,2018-05-03,AT,AT-BM-03.05.18,AT-BM-03.05.18-S,AT-BM-03.05.18-S-5,Plecoptera,Perlodidae,13,B7,Rep_1,,,,
,31/05/2018,2018-05-03,AT,AT-BM-03.05.18,AT-BM-03.05.18-S,AT-BM-03.05.18-S-6,Gastropoda,,15,B8,Rep_1,,,,
,27/06/2019,2018-07-19,EP4,EP4-BM-19-07-18,,,Diptera,Chironomidae,4,,Rep_1,,,,
,27/06/2019,2018-07-19,EP4,EP4-BM-19-07-18,,,Coleoptera,dytiscidae,1,,Rep_1,,,,
,27/06/2019,2018-07-19,AT,AT-BM-19-07-18,,,Diptera,Chironomidae,1,,Rep_1,,,,
,28/06/2019,2018-07-19,HC,HC-BM-19-07-18,,,Amphipoda,,3,,Rep_1,,,,
,28/06/2019,2018-07-19,HC,HC-BM-19-07-18,,,Diptera,Chironomidae,5,,Rep_1,,,,
,28/06/2019,2018-07-19,HC,HC-BM-19-07-18,,,Bivalva,,2,,Rep_1,,,,
,28/06/2019,2018-07-19,HC,HC-BM-19-07-18,,,Diptera,Ceratopogonidae ,1,,Rep_1,,,,
,28/06/2019,2018-07-19,HC,HC-BM-19-07-18,,,Gastropoda,,1,,Rep_1,,,,