Date,Site_Code,Sample_Code,Subset_Sample_Code ,Lot_Code,Order,Family,Abundance,Notes,ID_Student,Date_ID,Replicate,,
2018-04-30,AT,AT-ET-30.04.18,AT-ET-30.04.18-S1,AT-ET-30.04.18-S1-1,Diptera,Choronomidae,21,A1,Charlotte,18-May,R_1,,
2018-04-30,AT,AT-ET-30.04.18,AT-ET-30.04.18-S,,Diptera,Chironomidae,24,,Jess,2020-06-05,R_2,,
2018-04-30,EP4,EP4-ET-30.04.18,EP4-ET-30.04.18-S,EP4-ET-30.04.18-S-1,Hemiptera,Gerridae,1,A3,Charlotte,18-May,R_1,,
2018-04-30,EP4,EP4-ET-30.04.18,EP4-ET-30.04.18-S,EP4-ET-30.04.18-S-2,Diptera,Choronomidae,81,A4,Charlotte,18-May,R_1,,
2018-04-30,EP4,EP4-ET-30.04.18,EP4-ET-30.04.18-S,EP4-ET-30.04.18-S-3,Hemiptera,Fulgoroidia,1,A5,Charlotte,18-May,R_1,,
2018-04-30,EP4,EP4-ET-30.04.18,EP4-ET-30.04.18-S,,Diptera,Chironomidae,59,,Jess,2020-07-28,R_2,,
2018-04-30,EP4,EP4-ET-30.04.18,EP4-ET-30.04.18-S,,Diptera,Phoridae,1,,Jess,2020-07-28,R_2,,
2018-04-30,HC,HC-ET-30.04.18,HC-ET-30.04.18-S,HC-ET-30.04.18-S-1,Diptera,Choronomidae,17,A2,Charlotte,2018-05-01,R_1,,
2018-04-30,HC,HC-ET-30.04.18,HC-ET-30.04.18-S,,Diptera,Chironomidae,35,,Jess,2020,R_2,,
2018-05-03,AT,AT-ET-03.05.18,AT-ET-03.05.18-S,AT-ET-03.05.18-S-1,Diptera,Choronomidae,232,A6,Charlotte,,R_1,,
2018-05-03,AT,AT-ET-03.05.18,AT-ET-03.05.18-S,,Diptera,Chironomidae,285,,Jess,2020,R_2,,
2018-05-03,EP4,EP4-ET-03.05.18,EP4-ET-03.05.18-S,EP4-ET-03.05.18-S-1,Diptera,Choronomidae,661,A9,Charlotte,summer 2018,R_1,,
2018-05-03,EP4,EP4-ET-03.05.18,EP4-ET-03.05.18-S,EP4-ET-03.05.18-S-2,Hymenoptera,Formicidae,1,A10,Charlotte,summer 2018,R_1,,
2018-05-03,EP4,EP4-ET-03.05.18,EP4-ET-03.05.18-S,,Diptera,Chironomidae,370,,Jess,summer 2020,R_2,,
2018-05-03,HC,HC-ET-03.05.18,HC-ET-03.05.18-S,HC-ET-03.05.18-S-1,Coleoptera,Curculionidae,1,A7,Charlotte,2018,R_1,,
2018-05-03,HC,HC-ET-03.05.18,HC-ET-03.05.18-S,HC-ET-03.05.18-S-2,Diptera,Choronomidae,28,A8,Charlotte,2018,R_1,,
2018-05-03,HC,HC-ET-03.05.18,HC-ET-03.05.18-S,,Diptera,Chironomidae,34,,Jess,summer 2020,R_2,,
2018-05-03,HC,HC-ET-03.05.18,HC-ET-03.05.18-S,,Coleoptera,Curculionidae,2,,Jess,summer 2020,R_2,,
2018-05-03,HC,HC-ET-03.05.18,HC-ET-03.05.18-S,,Hemiptera,Gerridae,1,,Jess,summer 2020,R_2,,
2018-05-07,AT,AT-ET-07.05.18,AT-ET-07.05.18-S,AT-ET-07.05.18-S-1,Diptera,Choronomidae,731,B5,Charlotte,summer 2018,R_1,,
2018-05-07,AT,AT-ET-07.05.18,AT-ET-07.05.18-S,AT-ET-07.05.18-S-2,Diptera,Simuliidae,1,B6,Charlotte,summer 2018,R_1,,
2018-05-07,AT,AT-ET-07.05.18,AT-ET-07.05.18-S,AT-ET-07.05.18-S-3,Aranaea,,1,B7,Charlotte,summer 2018,R_1,,
2018-05-07,AT,AT-ET-07.05.18,AT-ET-07.05.18-S,,Diptera,Chironomidae,534,,Jess,summer 2020,R_2,,
2018-05-07,AT,AT-ET-07.05.18,AT-ET-07.05.18-S,,Diptera,Simuliidae,2,,Jess,summer 2020,R_2,,
2018-05-07,EP4,EP4-ET-07.05.18,EP4-ET-07.05.18-S,EP4-ET-07.05.18-S-1,Diptera,Choronomidae,2607,B9,Charlotte,summer 2018,R_1,,
2018-05-07,EP4,EP4-ET-07.05.18,EP4-ET-07.05.18-S,EP4-ET-07.05.18-S-2,Diptera,Ptychopteridae,1,B10,Charlotte,summer 2018,R_1,,
2018-05-07,EP4,EP4-ET-07.05.18,EP4-ET-07.05.18-S,,Diptera,Chironomidae,1654,,Jess,Summer 2020,R_2,,
2018-05-07,EP4,EP4-ET-07.05.18,EP4-ET-07.05.18-S,,Coleoptera,Hydrophilidae,1,,Jess,Summer 2020,R_2,,
2018-05-07,EP4,EP4-ET-07.05.18,EP4-ET-07.05.18-S,,Diptera,Chloropidae,2,,Jess,Summer 2020,R_2,,
2018-05-07,HC,HC-ET-07.05.18,HC-ET-07.05.18-S,HC-ET-07.05.18-S-1,Diptera,Choronomidae,34,B1,Charlotte,summer 2018,R_1,,
2018-05-07,HC,HC-ET-07.05.18,HC-ET-07.05.18-S,HC-ET-07.05.18-S-2,Coleoptera,Curculionidae,4,B2,Charlotte,summer 2018,R_1,,
2018-05-07,HC,HC-ET-07.05.18,HC-ET-07.05.18-S,HC-ET-07.05.18-S-3,Coleoptera,Ciidae,1,B3,Charlotte,summer 2018,R_1,,
2018-05-07,HC,HC-ET-07.05.18,HC-ET-07.05.18-S,HC-ET-07.05.18-S-4,Aranaea,,1,B4,Charlotte,summer 2018,R_1,,
2018-05-07,HC,HC-ET-07.05.18,HC-ET-07.05.18-S,,Coleoptera,Curculionidae,6,,Jess,summer 2020,R_2,,
2018-05-07,HC,HC-ET-07.05.18,HC-ET-07.05.18-S,,Araneae,,1,,Jess,summer 2020,R_2,,
2018-05-07,HC,HC-ET-07.05.18,HC-ET-07.05.18-S,,Hemiptera,unkown,1,,Jess,summer 2020,R_2,,
2018-05-07,HC,HC-ET-07.05.18,HC-ET-07.05.18-S,,Diptera,Chironomidae,49,,Jess,summer 2020,R_2,,
2018-05-07,HC,HC-ET-07.05.18,HC-ET-07.05.18-S,,Hymenoptera,Apidae,1,,Jess,summer 2020,R_2,,
2018-05-10,AT,AT-ET-10.05.18,AT-ET-10.05.18-S,AT-ET-10.05.18-S-1,Diptera,Chironomidae,506,B8,Charlotte,summer 2018,R_1,,
2018-05-10,AT,AT-ET-10.05.18,AT-ET-10.05.18-S,AT-ET-10.05.18-S-1,Diptera,Chironomidae,782,No empty cells,Reilly,Summer 2020,R_2,,
2018-05-10,AT,AT-ET-10.05.18,,AT-ET-10.05.18-S-2,Coleoptera,Curculionidae,1,,Reilly,Summer 2020,R_2,,
2018-05-10,AT,AT-ET-10.05.18,AT-ET-10.05.18-S,AT-ET-10.05.18-S-3,Coleoptera,Scolytidae,1,,Reilly,Summer 2020,R_2,,
2018-05-10,AT,AT-ET-10.05.18,AT-ET-10.05.18-S,AT-ET-10.05.18-S-4,Diptera,Simulidae,3,,Reilly,Summer 2020,R_2,,
2018-05-10,EP4,EP4-ET-10.05.18,EP4-ET-10.05.18-S,EP4-ET-10.05.18-S-1,Diptera,Choronomidae,1929,C3,Charlotte,summer 2018,R_1,,
2018-05-10,EP4,EP4-ET-10.05.18,EP4-ET-10.05.18-S,EP4-ET-10.05.18-S-2,Aranaea,,1,C4,Charlotte,summer 2018,R_1,,
2018-05-10,EP4,EP4-ET-10.05.18,EP4-ET-10.05.18-S,EP4-ET-10.05.18-S-3,Diptera,Cecidomyidae,1,C5,Charlotte,summer 2018,R_1,,
2018-05-10,EP4,EP4-ET-10.05.18,EP4-ET-10.05.18-S,EP4-ET-10.05.18-S-4,Diptera,Ceratopogonidae,1,C6,Charlotte,summer 2018,R_1,,
2018-05-10,EP4,EP4-ET-10.05.18,EP4-ET-10.05.18-S,EP4-ET-10.05.18-S-5,Coleoptera,Curculionidae,1,C7,Charlotte,summer 2018,R_1,,
2018-05-10,EP4,EP4-ET-10.05.18,EP4-ET-10.05.18-S,EP4-ET-10.05.18-S-6,Coleoptera,*Unknown,1,C8,Charlotte,summer 2018,R_1,,
2018-05-10,EP4,EP4-ET-10.05.18,EP4-ET-10.05.18-S,,Diptera,Chironomidae,1264,,Jess,summer 2020,R_2,,
2018-05-10,EP4,EP4-ET-10.05.18,EP4-ET-10.05.18-S,,Coleoptera,Carabidae,1,,Jess,summer 2020,R_2,,
2018-05-10,EP4,EP4-ET-10.05.18,EP4-ET-10.05.18-S,,Hemiptera,Gerridae,1,,Jess,summer 2020,R_2,,
2018-05-10,HC,HC-ET-10.05.18,HC-ET-10.05.18-S,HC-ET-10.05.18-S-1,Diptera,Choronomidae,35,C1,Charlotte,summer 2018,R_1,,
2018-05-10,HC,HC-ET-10.05.18,HC-ET-10.05.18-S,HC-ET-10.05.18-S-2,Coleoptera,Curculionidae,2,C2,Charlotte,summer 2018,R_1,,
2018-05-10,HC,HC-ET-10.05.18,HC-ET-10.05.18-S,,Coleoptera,Curculionidae,7,,Jess,summer 2020,R_2,,
2018-05-10,HC,HC-ET-10.05.18,HC-ET-10.05.18-S,,Coleoptera,Elateridae,1,,Jess,summer 2020,R_2,,
2018-05-10,HC,HC-ET-10.05.18,HC-ET-10.05.18-S,,Hemiptera,Pentatomidae,1,,Jess,summer 2020,R_2,,
2018-05-10,HC,HC-ET-10.05.18,HC-ET-10.05.18-S,,Diptera,Chironomidae,37,,Jess,summer 2020,R_2,,
2018-05-14,AT,AT-ET-14.05.18,AT-ET-14.05.18-S,AT-ET-14.05.18-S-1,Diptera,Simuliidae,13,C9,Charlotte,summer 2018,R_1,,
2018-05-14,AT,AT-ET-14.05.18,AT-ET-14.05.18-S,AT-ET-14.05.18-S-2,Diptera,Chironomidae,204,C10,Charlotte,summer 2018,R_1,,
2018-05-14,AT,AT-ET-14.05.18,AT-ET-14.05.18,,Diptera,Chironomidae,187,,Jess,summer 2020,R_2,,
2018-05-14,AT,AT-ET-14.05.18,AT-ET-14.05.18,,Diptera,Simuliidae,9,,Jess,summer 2020,R_2,,
2018-05-14,EP4,EP4-ET-14.05.18,EP4-ET-14.05.18-S,EP4-ET-14.05.18-S-1,Diptera,Chironomidae,NR,D5,Charlotte,summer 2018,R_1_nc,,
2018-05-14,EP4,EP4-ET-14.05.18,EP4-ET-14.05.18-S,EP4-ET-14.05.18-S-2,Gastropoda,European garden snail,1,D6,Charlotte,summer 2018,R_1_nc,,
2018-05-14,EP4,EP4-ET-14.05.18,EP4-ET-14.05.18-S,EP4-ET-14.05.18-S-3,Hemiptera,Gerridae,1,D7,Charlotte,summer 2018,R_1_nc,,
2018-05-14,EP4,EP4-ET-14.05.18,EP4-ET-14.05.18-S,EP4-ET-14.05.18-S-4,Coleoptera,Endomychidae,1,D8,Charlotte,summer 2018,R_1_nc,,
2018-05-14,EP4,EP4-ET-14.05.18,EP4-ET-14.05.18-S,EP4-ET-14.05.18-S-5,Coleoptera,Carabidae,1,D9,Charlotte,summer 2018,R_1_nc,,
2018-05-14,EP4,EP4-ET-14.05.18,EP4-ET-14.05.18-S,,Hemiptera,Gerridae,3,,Jess,Summer 2020,R_2,USE,
2018-05-14,EP4,EP4-ET-14.05.18,EP4-ET-14.05.18-S,,Diptera,Chironomidae,220,,Jess,Summer 2020,R_2,USE,
2018-05-14,EP4,EP4-ET-14.05.18,EP4-ET-14.05.18-S,,Hymenoptera,Tenthredinidae,1,,Jess,Summer 2020,R_2,USE,
2018-05-14,HC,HC-ET-14.05.18,HC-ET-14.05.18-S,HC-ET-14.05.18-S-1,Coleoptera,Curculionidae,4,D1,Charlotte,summer 2018,R_1,,
2018-05-14,HC,HC-ET-14.05.18,HC-ET-14.05.18-S,HC-ET-14.05.18-S-2,Diptera,Chironomidae,13,D2,Charlotte,summer 2018,R_1,,
2018-05-14,HC,HC-ET-14.05.18,HC-ET-14.05.18-S,HC-ET-14.05.18-S-3,Diptera,Simuliidae,1,D3,Charlotte,summer 2018,R_1,,
2018-05-14,HC,HC-ET-14.05.18,HC-ET-14.05.18-S,HC-ET-14.05.18-S-4,Aranaea,,1,D4,Charlotte,summer 2018,R_1,,
2018-05-14,HC,HC-ET-14.05.18,HC-ET-14.05.18-S,,Coleoptera,Curculionidae,6,,Jess,summer 2020,R_2,,
2018-05-14,HC,HC-ET-14.05.18,HC-ET-14.05.18-S,,Diptera,Chironomidae,30,,Jess,summer 2020,R_2,,
2018-05-14,HC,HC-ET-14.05.18,HC-ET-14.05.18-S,,Diptera,Simuliidae,1,,Jess,summer 2020,R_2,,
2018-05-17,AT,AT-ET-17.05.18,AT-ET-17.05.18-S,AT-ET-17.05.18-S-1,Diptera,Simuliidae,52,D10,Charlotte,summer 2020,R_1,,
2018-05-17,AT,AT-ET-17.05.18,AT-ET-17.05.18-S,AT-ET-17.05.18-S-2,Diptera,Chironomidae,143,E1,Charlotte,summer 2020,R_1,,
2018-05-17,AT,AT-ET-17.05.18,AT-ET-17.05.18-S,,Diptera,Simuliidae,49,,Jess,summer 2020,R_2,,
2018-05-17,AT,AT-ET-17.05.18,AT-ET-17.05.18-S,,Diptera,Chironomidae,123,,Jess,summer 2020,R_2,,
2018-05-17,EP4,EP4-ET-17.05.18,EP4-ET-17.05.18-S,,Gastropoda,,1,,Jess,summer 2020,R_2,,
2018-05-17,EP4,EP4-ET-17.05.18,EP4-ET-17.05.18-S,,Diptera,Chironomidae,164,,Jess,summer 2020,R_2,,
2018-05-17,EP4,EP4-ET-17.05.18,EP4-ET-17.05.18-S,,Diptera,Simuliidae,6,,Jess,summer 2020,R_2,,
2018-05-17,HC,HC-ET-17.05.18,HC-ET-17.05.18-S,HC-ET-17.05.18-S-1,Coleoptera,Curculionidae,3,E2,Charlotte,summer 2018,R_1,,
2018-05-17,HC,HC-ET-17.05.18,HC-ET-17.05.18-S,HC-ET-17.05.18-S-2,Diptera,Chironomidae,33,E3,Charlotte,summer 2018,R_1,,
2018-05-17,EP4,EP4-ET-17.05.18,EP4-ET-17.05.18-S,EP4-ET-17.05.18-S-1,Diptera,Chironomidae,222,E4,Charlotte,summer 2018,R_1,,
2018-05-17,EP4,EP4-ET-17.05.18,EP4-ET-17.05.18-S,EP4-ET-17.05.18-S-2,Diptera,Simuliidae,1,E5,Charlotte,summer 2018,R_1,,
2018-05-17,EP4,EP4-ET-17.05.18,EP4-ET-17.05.18-S,EP4-ET-17.05.18-S-3,Coleoptera,Elmidae,1,E6,Charlotte,summer 2018,R_1,,
2018-05-17,EP4,EP4-ET-17.05.18,EP4-ET-17.05.18-S,EP4-ET-17.05.18-S-4,Isopoda,Armadillidiidae,1,E7,Charlotte,summer 2018,R_1,,
2018-05-17,EP4,EP4-ET-17.05.18,EP4-ET-17.05.18-S,EP4-ET-17.05.18-S-5,Gastropoda,,1,E8,Charlotte,summer 2018,R_1,,
2018-05-17,HC,HC-ET-17.05.18,HC-ET-17.05.18-S,,Araneae,,2,Many spiders in the sample,Jess,summer 2020,R_2,,
2018-05-17,HC,HC-ET-17.05.18,HC-ET-17.05.18-S,,Coleoptera,Curculionidae,2,,Jess,summer 2020,R_2,,
2018-05-17,HC,HC-ET-17.05.18,HC-ET-17.05.18-S,,Coleoptera,Coccinellidae,1,,Jess,summer 2020,R_2,,
2018-05-17,HC,HC-ET-17.05.18,HC-ET-17.05.18-S,,Coleoptera,Hydrophilidae,1,,Jess,summer 2020,R_2,,
2018-05-17,HC,HC-ET-17.05.18,HC-ET-17.05.18-S,,Diptera,Simuliidae,1,,Jess,summer 2020,R_2,,
2018-05-17,HC,HC-ET-17.05.18,HC-ET-17.05.18-S,,Diptera,Chironomidae,14,,Jess,summer 2020,R_2,,
2018-05-21,AT,AT-ET-21.05.18,AT-ET-21.05.18-S,AT-ET-21.05.18-S-1,Diptera,Simuliidae,65,,Charlotte,summer 2018,R_1,,
2018-05-21,AT,AT-ET-21.05.18,AT-ET-21.05.18-S,AT-ET-21.05.18-S-2,Diptera,Chironomidae,104,E10,Charlotte,summer 2018,R_1,,
2018-05-21,AT,AT-ET-21.05.18,AT-ET-21.05.18-S,AT-ET-21.05.18-S-3,Coleoptera,Elateridae,1,F1,Charlotte,summer 2018,R_1,,
2018-05-21,AT,AT-ET-21.05.18,AT-ET-21.05.18-S,AT-ET-21.05.18-S-1,Diptera,Chironomidae,67,G2,Jess,summer 2020,R_2,,
2018-05-21,AT,AT-ET-21.05.18,AT-ET-21.05.18-S,AT-ET-21.05.18-S-2,Diptera,Simuliidae,12,G3,Jess,summer 2020,R_2,,
2018-05-21,AT,AT-ET-21.05.18,AT-ET-21.05.18-S,,Collembola,,1,,Jess,summer 2020,R_2,,
2018-05-21,AT,AT-ET-21.05.18,AT-ET-21.05.18-S,,Diptera,Simuliidae,40,,Jess,summer 2020,R_2,,
2018-05-21,AT,AT-ET-21.05.18,AT-ET-21.05.18-S,,Diptera,Chironomidae,71,,Jess,summer 2020,R_2,,
2018-05-21,AT,AT-ET-21.05.18,AT-ET-21.05.18-S,,Coleoptera,Curculionidae,1,,Jess,summer 2020,R_2,,
2018-05-21,AT,AT-ET-21.05.18,AT-ET-21.05.18-S,,Trichoptera,Hydropsychidae,1,,Jess,summer 2020,R_2,,
2018-05-21,EP4,EP4-ET-21.05.18,EP4-ET-21.05.18-S,EP4-ET-21.05.18-S-1,Diptera,Chironomidae,77,F7,Charlotte,summer 2018,R_1,,
2018-05-21,EP4,EP4-ET-21.05.18,EP4-ET-21.05.18-S,EP4-ET-21.05.18-S-2,Diptera,Brachycera,1,F8,Charlotte,summer 2018,R_1,,
2018-05-21,EP4,EP4-ET-21.05.18,EP4-ET-21.05.18-S,EP4-ET-21.05.18-S-3,Araneae,-,1,F9,Charlotte,summer 2018,R_1,,
2018-05-21,EP4,EP4-ET-21.05.18,EP4-ET-21.05.18-S,EP4-ET-21.05.18-S-4,Coleoptera,Elmidae,1,F10,Charlotte,summer 2018,R_1,,
2018-05-21,EP4,EP4-ET-21.05.18,EP4-ET-21.05.18-S,EP4-ET-21.05.18-S-5,Hymenoptera,Formicidae,1,G1,Charlotte,summer 2018,R_1,,
2018-05-21,EP4,EP4-ET-21.05.18,EP4-ET-21.05.18-S,,Gastropoda,,1,,Jess,Summer 2020 ,R_2,,
2018-05-21,EP4,EP4-ET-21.05.18,EP4-ET-21.05.18-S,,Hemiptera,Gerridae,1,,Jess,Summer 2020 ,R_2,,
2018-05-21,EP4,EP4-ET-21.05.18,EP4-ET-21.05.18-S,,Diptera,Chironomidae,58,,Jess,Summer 2020 ,R_2,,
2018-05-21,EP4,EP4-ET-21.05.18,EP4-ET-21.05.18-S,,Coleoptera,Curculionidae,1,,Jess,Summer 2020 ,R_2,,
2018-05-21,HC,HC-ET-21.05.18,HC-ET-21.05.18-S,HC-ET-21.05.18-S-1,Diptera,Chironomidae,39,F2,Charlotte,summer 2018,R_1,,
2018-05-21,HC,HC-ET-21.05.18,HC-ET-21.05.18-S,HC-ET-21.05.18-S-2,Araneae,-,1,F3,Charlotte,summer 2018,R_1,,
2018-05-21,HC,HC-ET-21.05.18,HC-ET-21.05.18-S,HC-ET-21.05.18-S-3,Coleoptera,Anobiidae,2,F4,Charlotte,summer 2018,R_1,,
2018-05-21,HC,HC-ET-21.05.18,HC-ET-21.05.18-S,HC-ET-21.05.18-S-4,Coleoptera,Chysomelidae,1,F5,Charlotte,summer 2018,R_1,,
2018-05-21,HC,HC-ET-21.05.18,HC-ET-21.05.18-S,HC-ET-21.05.18-S-5,Coleoptera,Elmidae,1,F6,Charlotte,summer 2018,R_1,,
2018-05-21,HC,HC-ET-21.05.18,HC-ET-21.05.18-S,,Araneae,,1,,Jess,summer 2020,R_2,,
2018-05-21,HC,HC-ET-21.05.18,HC-ET-21.05.18-S,,Coleoptera,Elateridae,1,,Jess,summer 2020,R_2,,
2018-05-21,HC,HC-ET-21.05.18,HC-ET-21.05.18-S,,Hemiptera,Gerridae,1,,Jess,summer 2020,R_2,,
2018-05-21,HC,HC-ET-21.05.18,HC-ET-21.05.18-S,,Diptera,Chironomidae,22,,Jess,summer 2020,R_2,,
2018-05-21,HC,HC-ET-21.05.18,HC-ET-21.05.18-S,,Diptera,Scathophagidae,1,,Jess,summer 2020,R_2,,
2018-05-21,HC,HC-ET-21.05.18,HC-ET-21.05.18-S,,Coleoptera,Chrysomelidae,1,,Jess,summer 2020,R_2,,
2018-05-21,HC,HC-ET-21.05.18,HC-ET-21.05.18-S,,Amphipoda,,1,,Jess,summer 2020,R_2,,
2018-05-21,HC,HC-ET-21.05.18,HC-ET-21.05.18-S,,Coleoptera,Anobiidae,1,,Jess,summer 2020,R_2,,
2018-05-24,AT,AT-ET-24.05.18,AT-ET-24.05.18-S,,Diptera,Simuliidae,8,,Jess,summer 2020,R_2,,
2018-05-24,AT,AT-ET-24.05.18,AT-ET-24.05.18-S,,Diptera,Chironomidae,47,,Jess,summer 2020,R_2,,
2018-05-24,AT,AT-ET-24.05.18,AT-ET-24.05.18-S,,Araneae,,2,,Jess,summer 2020,R_2,,
2018-05-24,AT,AT-ET-24.05.18,AT-ET-24.05.18-S,,Trichoptera,Phryganeidae,1,,Jess,summer 2020,R_2,,
2018-05-24,AT,AT-ET-24.05.18,AT-ET-24.05.18-S,,Diptera,Chironomidae,67,,Charlotte,summer 2018,R_1,,
2018-05-24,AT,AT-ET-24.05.18,AT-ET-24.05.18-S,,Diptera,Simuliidae,12,,Charlotte,summer 2018,R_1,,
2018-05-24,EP4,EP4-ET-24.05.18,EP4-ET-24.05.18-S,EP4-ET-24.05.18-S-1,Hemiptera,Gerridae,1,G7,Charlotte,summer 2018,R_1,,
2018-05-24,EP4,EP4-ET-24.05.18,EP4-ET-24.05.18-S,EP4-ET-24.05.18-S-2,Diptera,Chironomidae,71,G8,Charlotte,summer 2018,R_1,,
2018-05-24,EP4,EP4-ET-24.05.18,EP4-ET-24.05.18-S,EP4-ET-24.05.18-S-3,Trichoptera,Hydropsychidae,1,G9,Charlotte,summer 2018,R_1,,
2018-05-24,EP4,EP4-ET-24.05.18,EP4-ET-24.05.18-S,EP4-ET-24.05.18-S-4,Coleoptera,Oytisidae,1,G10,Charlotte,summer 2018,R_1,,
2018-05-24,EP4,EP4-ET-24.05.18,EP4-ET-24.05.18-S,,Hemiptera,Gerridae,1,,Jess,summer 2020,R_2,,
2018-05-24,EP4,EP4-ET-24.05.18,EP4-ET-24.05.18-S,,Trichoptera,Hydropsychidae,1,,Jess,summer 2020,R_2,,
2018-05-24,EP4,EP4-ET-24.05.18,EP4-ET-24.05.18-S,,Diptera,Chironomidae,28,,Jess,summer 2020,R_2,,
2018-05-24,EP4,EP4-ET-24.05.18,EP4-ET-24.05.18-S,,Coleoptera,Hydrophilidae,1,,Jess,summer 2020,R_2,,
2018-05-24,EP4,EP4-ET-24.05.18,EP4-ET-24.05.18-S,,Coleoptera,Curculionidae,1,,Jess,summer 2020,R_2,,
2018-05-24,EP4,EP4-ET-24.05.18,EP4-ET-24.05.18-S,,Diptera,Empididae,1,,Jess,summer 2020,R_2,,
2018-05-24,EP4,EP4-ET-24.05.18,EP4-ET-24.05.18-S,,Diptera,Dolichopodidae,1,,Jess,summer 2020,R_2,,
2018-05-24,HC,HC-ET-24.05.18,HC-ET-24.05.18-S,HC-ET-24.05.18-S-1,Diptera,Chironomidae,38,G4,Charlotte,summer 2018,R_1,,
2018-05-24,HC,HC-ET-24.05.18,HC-ET-24.05.18-S,HC-ET-24.05.18-S-2,Coleoptera,Bruchidae,1,G5,Charlotte,summer 2018,R_1,,
2018-05-24,HC,HC-ET-24.05.18,HC-ET-24.05.18-S,HC-ET-24.05.18-S-3,Trichoptera,Hydropsychidae,1,G6,Charlotte,summer 2018,R_1,,
2018-05-24,HC,HC-ET-24.05.18,HC-ET-24.05.18-S,,Trichoptera,Hydropsychidae,1,,Jess,summer 2020,R_2,,
2018-05-24,HC,HC-ET-24.05.18,HC-ET-24.05.18-S,,Trichoptera,Glossosomatidae,2,,Jess,summer 2020,R_2,,
2018-05-24,HC,HC-ET-24.05.18,HC-ET-24.05.18-S,,Diptera,Chironomidae,46,,Jess,summer 2020,R_2,,
2018-05-24,HC,HC-ET-24.05.18,HC-ET-24.05.18-S,,Coleoptera,Hydrophilidae,1,,Jess,summer 2020,R_2,,
2018-05-28,AT,AT-ET-28.05.18,AT-ET-28.05.18-S,AT-ET-28.05.18-S-1,Diptera,Chironomidae,38,H1,Charlotte,summer 2018,R_1,,
2018-05-28,AT,AT-ET-28.05.18,AT-ET-28.05.18-S,AT-ET-28.05.18-S-2,Diptera,Simuliidae,8,H2,Charlotte,summer 2018,R_1,,
2018-05-28,AT,AT-ET-28.05.18,AT-ET-28.05.18-S,AT-ET-28.05.18-S-3,Diptera,Brachycera,1,H3,Charlotte,summer 2018,R_1,,
2018-05-28,AT,AT-ET-28.05.18,AT-ET-28.05.18-S,,Coleoptera,Nitidulidae,1,,Jess,summer 2020,R_2,,
2018-05-28,AT,AT-ET-28.05.18,AT-ET-28.05.18-S,,Trichoptera,Phryganeidae,1,,Jess,summer 2020,R_2,,
2018-05-28,AT,AT-ET-28.05.18,AT-ET-28.05.18-S,,Araneae,,1,,Jess,summer 2020,R_2,,
2018-05-28,AT,AT-ET-28.05.18,AT-ET-28.05.18-S,,Plecoptera,Perlodidae,2,,Jess,summer 2020,R_2,,
2018-05-28,AT,AT-ET-28.05.18,AT-ET-28.05.18-S,,Diptera,Simuliidae,8,,Jess,summer 2020,R_2,,
2018-05-28,AT,AT-ET-28.05.18,AT-ET-28.05.18-S,,Diptera,Chironomidae,67,,Jess,summer 2020,R_2,,
2018-05-28,AT,AT-ET-28.05.18,AT-ET-28.05.18-S,,Collembola,,1,,Jess,summer 2020,R_2,,
2018-05-28,EP4,EP4-ET-28.05.18,EP4-ET-28.05.18-S,EP4-ET-28.05.18-S-1,Diptera,Chironomidae,254,H10,Charlotte,summer 2018,R_1,,
2018-05-28,EP4,EP4-ET-28.05.18,EP4-ET-28.05.18-S,EP4-ET-28.05.18-S-2,Trichoptera,Hydropsychidae,2,*EP4 and HC may be Il mixed,Charlotte,summer 2018,R_1,,
2018-05-28,EP4,EP4-ET-28.05.18,EP4-ET-28.05.18-S,EP4-ET-28.05.18-S-3,Gastropoda,- ,1,I2,Charlotte,summer 2018,R_1,,
2018-05-28,EP4,EP4-ET-28.05.18,EP4-ET-28.05.18-S,,Hemiptera,Gerridae,1,,Jess,summer 2020,R_2,,
2018-05-28,EP4,EP4-ET-28.05.18,EP4-ET-28.05.18-S,,Araneae,,1,,Jess,summer 2020,R_2,,
2018-05-28,EP4,EP4-ET-28.05.18,EP4-ET-28.05.18-S,,Gastropoda,,1,,Jess,summer 2020,R_2,,
2018-05-28,EP4,EP4-ET-28.05.18,EP4-ET-28.05.18-S,,Diptera,Chironomidae,162,,Jess,summer 2020,R_2,,
2018-05-28,EP4,EP4-ET-28.05.18,EP4-ET-28.05.18-S,,Ephemeroptera,Baetidae,18,,Jess,summer 2020,R_2,,
2018-05-28,EP4,EP4-ET-28.05.18,EP4-ET-28.05.18-S,,Collembola,,1,,Jess,summer 2020,R_2,,
2018-05-28,EP4,EP4-ET-28.05.18,EP4-ET-28.05.18-S,,Diptera,Empididae,1,,Jess,summer 2020,R_2,,
2018-05-28,EP4,EP4-ET-28.05.18,EP4-ET-28.05.18-S,,Coleoptera,Meloidae,1,,Jess,summer 2020,R_2,,
2018-05-28,HC,HC-ET-28.05.18,HC-ET-28.05.18-S,HC-ET-28.05.18-S-1,Trichoptera,Hydropsychidae,3,H4,Charlotte,summer 2018,R_1_nc,,don't know which one this was - cant use (mislabelled before)
2018-05-28,HC,HC-ET-28.05.18,HC-ET-28.05.18-S,HC-ET-28.05.18-S-2,Diptera,Brachycera,3,H5,Charlotte,summer 2018,R_1_nc,,don't know which one this was - cant use (mislabelled before)
2018-05-28,HC,HC-ET-28.05.18,HC-ET-28.05.18-S,HC-ET-28.05.18-S-3,Diptera,Chironomidae,171,H6,Charlotte,summer 2018,R_1_nc,,don't know which one this was - cant use (mislabelled before)
2018-05-28,HC,HC-ET-28.05.18,HC-ET-28.05.18-S,HC-ET-28.05.18-S-4,Araneae,-,1,H7,Charlotte,summer 2018,R_1_nc,,don't know which one this was - cant use (mislabelled before)
2018-05-28,HC,HC-ET-28.05.18,HC-ET-28.05.18-S,HC-ET-28.05.18-S-5,Coleoptera,Bruchidae,1,H8,Charlotte,summer 2018,R_1_nc,,don't know which one this was - cant use (mislabelled before)
2018-05-28,HC,HC-ET-28.05.18,HC-ET-28.05.18-S,HC-ET-28.05.18-S-6,Coleoptera,Anobiidae,1,H9,Charlotte,summer 2018,R_1_nc,,don't know which one this was - cant use (mislabelled before)
2018-05-28,HC,HC-ET-28.05.18,HC-ET-28.05.18-S(1),,Trichoptera,Hydropsychidae,17,Many in sample,Jess,summer 2020,R_2,USE,
2018-05-28,HC,HC-ET-28.05.18,HC-ET-28.05.18-S(1),,Hemiptera,Gerridae,1,,Jess,summer 2020,R_2,USE,
2018-05-28,HC,HC-ET-28.05.18,HC-ET-28.05.18-S(1),,Coleoptera,Curculionidae,1,,Jess,summer 2020,R_2,USE,
2018-05-28,HC,HC-ET-28.05.18,HC-ET-28.05.18-S(1),,Coleoptera,Carabidae,1,,Jess,summer 2020,R_2,USE,
2018-05-28,HC,HC-ET-28.05.18,HC-ET-28.05.18-S(1),,Diptera,Chironomidae,302,,Jess,summer 2020,R_2,USE,
2018-05-28,HC,HC-ET-28.05.18,HC-ET-28.05.18-S(1),,Araneae,,1,,Jess,summer 2020,R_2,USE,
2018-05-28,HC,HC-ET-28.05.18,HC-ET-28.05.18-S(1),,Coleoptera,Staphylinidae,1,,Jess,summer 2020,R_2,USE,
2018-05-28,HC,HC-ET-28.05.18,HC-ET-28.05.18-S(1),,Coleoptera,Elmidae,1,,Jess,summer 2020,R_2,USE,
2018-05-28,HC,HC-ET-28.05.18,HC-ET-28.05.18-S(1),,Plecoptera,Perlodidae,1,,Jess,summer 2020,R_2,USE,
2018-05-28,HC,HC-ET-28.05.18,HC-ET-28.05.18-S(1),,Diptera,Anthomyiidae,1,,Jess,summer 2020,R_2,USE,
2018-05-31,HC,HC-ET-31.05.18,,,Trichoptera,Hydropsychidae,3,,Jess,summer 2020,R_1,,
2018-05-31,HC,HC-ET-31.05.18,,,Diptera,Chironomidae,207,,Jess,summer 2020,R_1,,
2018-05-31,AT,AT-ET-31.05.18,AT-ET-31.05.18-S,AT-ET-31.05.18-S-1,Trichoptera,Mollannidae,1,I3,Charlotte,summer 2018,R_1,,
2018-05-31,AT,AT-ET-31.05.18,AT-ET-31.05.18-S,AT-ET-31.05.18-S-2,Diptera,Brachycera,1,I4,Charlotte,summer 2018,R_1,,
2018-05-31,AT,AT-ET-31.05.18,AT-ET-31.05.18-S,AT-ET-31.05.18-S-3,Plecoptera,Perlidae,6,I5,Charlotte,summer 2018,R_1,,
2018-05-31,AT,AT-ET-31.05.18,AT-ET-31.05.18-S,AT-ET-31.05.18-S-4,Araneae,-,3,I6,Charlotte,summer 2018,R_1,,
2018-05-31,AT,AT-ET-31.05.18,AT-ET-31.05.18-S,AT-ET-31.05.18-S-5,Diptera,Chironomidae,30,I7,Charlotte,summer 2018,R_1,,
2018-05-31,AT,AT-ET-31.05.18,AT-ET-31.05.18-S,AT-ET-31.05.18-S-6,Diptera,Cecidomyiidae,1,I8,Charlotte,summer 2018,R_1,,
2018-05-31,AT,AT-ET-31.05.18,AT-ET-31.05.18-S,AT-ET-31.05.18-S-7,Hymenoptera,Chalcidoidae,1,I9,Charlotte,summer 2018,R_1,,
2018-05-31,AT,AT-ET-31.05.18,AT-ET-31.05.18-S,,Coleoptera,Elateridae,1,,Jess,summer 2020,R_2,,
2018-05-31,AT,AT-ET-31.05.18,AT-ET-31.05.18-S,,Plecoptera,Perlodidae,8,,Jess,summer 2020,R_2,,
2018-05-31,AT,AT-ET-31.05.18,AT-ET-31.05.18-S,,Araneae,,2,,Jess,summer 2020,R_2,,
2018-05-31,AT,AT-ET-31.05.18,AT-ET-31.05.18-S,,Diptera,Chironomidae,23,,Jess,summer 2020,R_2,,
2018-05-31,AT,AT-ET-31.05.18,AT-ET-31.05.18-S,,Diptera,Simuliidae,2,,Jess,summer 2020,R_2,,
2018-05-31,AT,AT-ET-31.05.18,AT-ET-31.05.18-S,,Diptera,Chloropidae,1,,Jess,summer 2020,R_2,,
2018-05-31,AT,AT-ET-31.05.18,AT-ET-31.05.18-S,,Collembola,,2,,Jess,summer 2020,R_2,,
2018-05-31,AT,AT-ET-31.05.18,AT-ET-31.05.18-S,,Coleoptera,Chrysomelidae,1,,Jess,summer 2020,R_2,,
2018-05-31,EP4,EP4-ET-31.05.18,EP4-ET-31.05.18-S,EP4-ET-31.05.18-S-1,Diptera,Chironomidae,147,,Charlotte,summer 2018,R_1,,
2018-05-31,EP4,EP4-ET-31.05.18,EP4-ET-31.05.18-S,EP4-ET-31.05.18-S-2,Ephemeroptera,,1,,Charlotte,summer 2018,R_1,,
2018-05-31,EP4,EP4-ET-31.05.18,EP4-ET-31.05.18-S,,Coleoptera,Chrysomelidae,4,"3 blue,1 green",Jess,summer 2020,R_2,,
2018-05-31,EP4,EP4-ET-31.05.18,EP4-ET-31.05.18-S,,Diptera,Chironomidae,163,,Jess,summer 2020,R_2,,
2018-05-31,EP4,EP4-ET-31.05.18,EP4-ET-31.05.18-S,,Trichoptera,Hydropsychidae,3,,Jess,summer 2020,R_2,,
2018-05-31,EP4,EP4-ET-31.05.18,EP4-ET-31.05.18-S,,Araneae,,1,,Jess,summer 2020,R_2,,
2018-05-31,EP4,EP4-ET-31.05.18,EP4-ET-31.05.18-S,,Diptera,Cecidomyiidae,1,,Jess,summer 2020,R_2,,
2018-05-31,EP4,EP4-ET-15.10.18,EP4-ET.15.10.18-S,,Gastropoda,,3,,Jess,summer 2020,R_2,,
2018-05-31,EP4,EP4-ET-15.10.18,EP4-ET.15.10.18-S,,Diptera,Chironomidae,29,,Jess,summer 2020,R_2,,
2018-05-31,HC,HC-ET-31.05.18,HC-ET-31.05.18-S,HC-ET-31.05.18-S-1,Trichoptera,Hydropsychidae,9,I10,Charlotte,summer 2018,R_1*,WHERE IS THIS VIAL,
2018-05-31,HC,HC-ET-31.05.18,HC-ET-31.05.18-S,HC-ET-31.05.18-S-2,Diptera,Chironomidae,392,J1,Charlotte,summer 2018,R_1*,WHERE IS THIS VIAL,
2018-05-31,HC,HC-ET-31.05.18,HC-ET-31.05.18-S,HC-ET-31.05.18-S-3,Coleoptera,Carabidae,1,,Charlotte,summer 2018,R_1*,WHERE IS THIS VIAL,
2018-05-31,HC,HC-ET-31.05.18,HC-ET-31.05.18-S,HC-ET-31.05.18-S-4,Coleoptera,Curculionidae,1,,Charlotte,summer 2018,R_1*,WHERE IS THIS VIAL,
2018-05-31,HC,HC-ET-31.05.18,HC-ET-31.05.18-S,HC-ET-31.05.18-S-5,Araneae,,1,,Charlotte,summer 2018,R_1*,WHERE IS THIS VIAL,
2018-05-31,HC,HC-ET-31.05.18,HC-ET-31.05.18-S,HC-ET-31.05.18-S-6,Trichoptera,Polycentropodidae,1,,Charlotte,summer 2018,R_1*,WHERE IS THIS VIAL,
2018-05-31,HC,HC-ET-31.05.18,HC-ET-31.05.18-S,HC-ET-31.05.18-S-7,Diptera,Simulidae,1,,Charlotte,summer 2018,R_1*,WHERE IS THIS VIAL,
2018-05-31,HC,HC-ET-31.05.18,HC-ET-31.05.18-S,HC-ET-31.05.18-S-8,Lepidoptera,,1,,Charlotte,summer 2018,R_1*,WHERE IS THIS VIAL,
2018-05-31,HC,HC-ET-31.05.18,HC-ET-31.05.18-S,HC-ET-31.05.18-S-9,Hymenoptera,Adrenidae,1,,Charlotte,summer 2018,R_1*,WHERE IS THIS VIAL,
2018-05-31,HC,HC-ET-31.05.18,HC-ET-31.05.18-S,HC-ET-31.05.18-S-10,Ephemeroptera,,2,,Charlotte,summer 2018,R_1*,WHERE IS THIS VIAL,
2018-06-04,AT,AT-ET-04.06.18,AT-ET-04.06.18-S,AT-ET-04.06.18-S-1,Diptera,Chironomidae,21,,Charlotte,summer 2018,R_1,,
2018-06-04,AT,AT-ET-04.06.18,AT-ET-04.06.18-S,AT-ET-04.06.18-S-2,Diptera,Simuliidae,1,,Charlotte,summer 2018,R_1,,
2018-06-04,AT,AT-ET-04.06.18,AT-ET-04.06.18-S,AT-ET-04.06.18-S-3,Plecoptera,Perlidae,4,,Charlotte,summer 2018,R_1,,
2018-06-04,AT,AT-ET-04.06.18,AT-ET-04.06.18-S,,Diptera,Tipulidae,1,,Jess,summer 2020,R_2,,
2018-06-04,AT,AT-ET-04.06.18,AT-ET-04.06.18-S,,Trichoptera,Phryganeidae,1,,Jess,summer 2020,R_2,,
2018-06-04,AT,AT-ET-04.06.18,AT-ET-04.06.18-S,,Diptera,Chironomidae,6,,Jess,summer 2020,R_2,,
2018-06-04,AT,AT-ET-04.06.18,AT-ET-04.06.18-S,,Plecoptera,Perlodidae,2,,Jess,summer 2020,R_2,,
2018-06-04,EP4,EP4-ET-04.06.18,EP4-ET-04.06.18-S,EP4-ET-04.06.18-S-1,Trichoptera,Hydropsychidae,1,,Charlotte,summer 2018,R_1,,
2018-06-04,EP4,EP4-ET-04.06.18,EP4-ET-04.06.18-S,EP4-ET-04.06.18-S-2,Ephemeroptera,Baetidae,37,*Need to confirm with Tommy,Charlotte,summer 2019,R_1,,
2018-06-04,EP4,EP4-ET-04.06.18,,,Araneae,,3,,Charlotte,summer 2020,R_1,,
2018-06-04,EP4,EP4-ET-04.06.18,,,Gastropoda,,2,,Charlotte,summer 2021,R_1,,
2018-06-04,EP4,EP4-ET-04.06.18,,,Diptera,Chironomidae,135,,Charlotte,summer 2022,R_1,,
2018-06-04,EP4,EP4-ET-04.06.18,,,Hemiptera,Cicadellidae,1,,Charlotte,summer 2023,R_1,,
2018-06-04,EP4,EP4-ET-04.06.18,,,Diptera,Simuliidae,1,,Charlotte,summer 2024,R_1,,
2018-06-04,EP4,EP4-ET-04.06.18,EP4-ET-04.06.18-S,,Coleoptera,Buprestidae,2,"Not 100% certain, could be chrysomelidae",Jess,summer 2020,R_2,,
2018-06-04,EP4,EP4-ET-04.06.18,EP4-ET-04.06.18-S,,Diptera,Chironomidae,105,,Jess,summer 2020,R_2,,
2018-06-04,EP4,EP4-ET-04.06.18,EP4-ET-04.06.18-S,,Araneae,,1,,Jess,summer 2020,R_2,,
2018-06-04,EP4,EP4-ET-04.06.18,EP4-ET-04.06.18-S,,Trichoptera,Hydropsychidae,1,,Jess,summer 2020,R_2,,
2018-06-04,EP4,EP4-ET-04.06.18,EP4-ET-04.06.18-S,,Ephemeroptera,Baetidae,2,,Jess,summer 2020,R_2,,
2018-06-04,HC,HC-ET-04.06.18,HC-ET-04.06.18-S,HC-ET-04.06.18-S-1,Trichoptera,Hydropsychidae,2,,Charlotte,summer 2018,R_1,,
2018-06-04,HC,HC-ET-04.06.18,HC-ET-04.06.18-S,HC-ET-04.06.18-S-2,Diptera,Chironomidae,114,,Charlotte,summer 2018,R_1,,
2018-06-04,HC,HC-ET-04.06.18,HC-ET-04.06.18-S,HC-ET-04.06.18-S-3,Plecoptera,Perlidae,1,,Charlotte,summer 2018,R_1,,
2018-06-04,HC,HC-ET-04.06.18,HC-ET-04.06.18-S,,Diptera,Chironomidae,115,,Jess,summer 2020,R_2,,
2018-06-04,HC,HC-ET-04.06.18,HC-ET-04.06.18-S,,Trichoptera,Hydropsychidae,4,,Jess,summer 2020,R_2,,
2018-06-04,HC,HC-ET-04.06.18,HC-ET-04.06.18-S,,Coleoptera,Curculionidae,1,,Jess,summer 2020,R_2,,
2018-06-04,HC,HC-ET-04.06.18,HC-ET-04.06.18-S,,Coleoptera,Hydrophilidae,1,,Jess,summer 2020,R_2,,
2018-06-07,AT,AT-ET-07.06.18,,,Diptera,Chironomidae,14,A8,Tommy,2018-11-28,R_2,,
2018-06-07,AT,AT-ET-07.06.18,,,Diptera,Scianidae,5,A9,,2018-11-28,R_2,,
2018-06-07,AT,AT-ET-07.06.18,AT-ET-07.06.18-S,,Araneae,,1,,Jess,summer 2020,R_3,,
2018-06-07,AT,AT-ET-07.06.18,AT-ET-07.06.18-S,,Diptera,Chironomidae,9,,Jess,summer 2020,R_3,,
2018-06-07,AT,AT-ET-07.06.18,AT-ET-07.06.18-S,,Plecoptera,Perlodidae,1,,Jess,summer 2020,R_3,,
2018-06-07,EP4,EP4-ET-07.06.18,,,Diptera,Chironomidae,21,A3,Tommy,2018-11-27,R_2,,
2018-06-07,EP4,EP4-ET-07.06.18,,,Hymenoptera,Chalcicoidea,1,A4,,2018-11-27,R_2,,
2018-06-07,EP4,EP4-ET-07.06.18,,,Collembola,,1,A5,,2018-11-27,R_2,,
2018-06-07,EP4,EP4-ET-07.06.18,,,Coleoptera,Staphylinidae,1,A6,,2018-11-27,R_2,,
2018-06-07,EP4,EP4-ET-07.06.18,,,Hemiptera,,1,Larva; A7,,2018-11-27,R_2,,
2018-06-07,EP4,EP4-ET-07.06.18,EP4-ET-07.06.18-S,,Gastropoda,,2,,Jess,summer 2020,R_3,,
2018-06-07,EP4,EP4-ET-07.06.18,EP4-ET-07.06.18-S,,Hemiptera,Gerridae,1,,Jess,summer 2020,R_3,,
2018-06-07,EP4,EP4-ET-07.06.18,EP4-ET-07.06.18-S,,Ephemeroptera,Baetidae,5,,Jess,summer 2020,R_3,,
2018-06-07,EP4,EP4-ET-07.06.18,EP4-ET-07.06.18-S,,Coleoptera,Curculionidae,1,,Jess,summer 2020,R_3,,
2018-06-07,EP4,EP4-ET-07.06.18,EP4-ET-07.06.18-S,,Trichoptera,Phryganeidae,1,"Not 100% certain, very large trichoptera",Jess,summer 2020,R_3,,
2018-06-07,EP4,EP4-ET-07.06.18,EP4-ET-07.06.18-S,,Diptera,Chironomidae,63,,Jess,summer 2020,R_3,,
2018-06-07,EP4,EP4-ET-07.06.18,EP4-ET-07.06.18-S,,Diptera,Ceratopogonidae,1,,Jess,summer 2020,R_3,,
2018-06-07,HC,HC-ET-07.06.18,,,Diptera,Chironomidae,19,A1,Tommy,2018-11-27,R_3,,
2018-06-07,HC,HC-ET-07.06.18,,,Trichoptera,Hydropsychidae,1,A2,,2018-11-27,R_3,,
2018-06-07,HC,HC-ET-07.06.18,HC-ET-07.06.18-S,,Coleoptera,Curculionidae,2,Elytra destroyed on 1,Jess,summer 2020,R_4,,
2018-06-07,HC,HC-ET-07.06.18,HC-ET-07.06.18-S,,Diptera,Chironomidae,8,,Jess,summer 2020,R_4,,
2018-06-07,HC,HC-ET-07.06.18,HC-ET-07.06.18-S,,Coleoptera,Chrysomelidae,1,,Jess,summer 2020,R_4,,
2018-06-07,HC,HC-ET-07.06.18,HC-ET-07.06.18-S,,Hymenoptera,Sphecidae,1,,Jess,summer 2020,R_4,,
2018-06-07,AT,AT-ET-07-06-18,,,Diptera,Chironomidae,26,,Charlotte,2018-07-04,R_1,,
2018-06-07,AT,AT-ET-07-06-18,,,Diptera,Simuliidae,2,,Charlotte,2018-07-04,R_1,,
2018-06-07,AT,AT-ET-07-06-18,,,Hemiptera,Cicadellidae,1,,Charlotte,2018-07-04,R_1,,
2018-06-07,HC,HC-ET-07-06-18,,,Trichoptera,Hydropsychidae,2,,Charlotte,2018-07-04,R_1,,
2018-06-07,HC,HC-ET-07-06-18,,,Diptera,Chironomidae,61,,Charlotte,2018-07-04,R_1,,
2018-06-07,AT,AT-ET-07-06-18,,,Hymenoptera,Chalcidoidea,1,,Charlotte,2018-07-04,R_1,,
2018-06-07,AT,AT-ET-07-06-18,,,Diptera,Brachycera,1,,Charlotte,2018-07-04,R_1,,
2018-06-07,HC,HC-ET-07-06-18,,,Diptera,Chironominidae,29,,Charlotte,2018-07-17,R_2,,
2018-06-07,HC,HC-ET-07-06-18,,,Ephemeroptera,Ephemerellidae,1,,Charlotte,2018-07-17,R_2,,
2018-06-07,EP4,EP4-ET-07-06-18,,,Gastropoda,,3,,Charlotte,2018-07-17,R_1,,
2018-06-07,EP4,EP4-ET-07-06-18,,,Diptera,Chironominidae,87,,Charlotte,2018-07-17,R_1,,
2018-06-07,EP4,EP4-ET-07-06-18,,,Diptera,Mycetophilidae,1,,Charlotte,2018-07-17,R_1,,
2018-06-07,EP4,EP4-ET-07-06-18,,,Ephemeroptera,Isonychiidae,1,,Charlotte,2018-07-17,R_1,,
2018-06-07,EP4,EP4-ET-07-06-18,,,Ephemeroptera,Baetidae,2,,Charlotte,2018-07-17,R_1,,
2018-06-11,AT,AT-ET-11-06-18,,,Diptera,Tipulidae,2,,Jess,2019-11-11,R_2,,
2018-06-11,AT,AT-ET-11-06-18,,,Diptera,Asilidae,1,,Jess,2019-11-11,R_2,,
2018-06-11,AT,AT-ET-11-06-18,,,Diptera,Chironomidae,6,,Jess,2019-11-11,R_2,,
2018-06-11,AT,AT-ET-11-06-18,,,Collembola,,1,,Jess,2019-11-11,R_2,,
2018-06-11,AT,AT-ET-11-06-18,,,Diptera,Calliphoridae,1,,Jess,2019-11-11,R_2,,
2018-06-11,AT,AT-ET-11-06-18,,,Diptera,Simulidae,2,,Jess,2019-11-11,R_2,,
2018-06-11,AT,AT-ET-11-06-18,,,Diptera,Empidoidea,1,,Jess,2019-11-11,R_2,,
2018-06-11,EP4,EP4-ET-11.06.18,EP4-ET-11.06.18-S,,Gastropoda,,5,,Jess,07-08-2020,R_2,,
2018-06-11,EP4,EP4-ET-11.06.18,EP4-ET-11.06.18-S,,Coleoptera,Curculionidae,1,,Jess,07-08-2020,R_2,,
2018-06-11,EP4,EP4-ET-11.06.18,EP4-ET-11.06.18-S,,Ephemeroptera,Baetidae,14,,Jess,07-08-2020,R_2,,
2018-06-11,EP4,EP4-ET-11.06.18,EP4-ET-11.06.18-S,,Hymenoptera,Formicidae,1,,Jess,07-08-2020,R_2,,
2018-06-11,EP4,EP4-ET-11.06.18,EP4-ET-11.06.18-S,,Coleoptera,Chrysomelidae,1,,Jess,07-08-2020,R_2,,
2018-06-11,EP4,EP4-ET-11.06.18,EP4-ET-11.06.18-S,,Trichoptera,Phryganeidae,1,,Jess,07-08-2020,R_2,,
2018-06-11,EP4,EP4-ET-11.06.18,EP4-ET-11.06.18-S,,Trichoptera,Hydropsychidae,1,,Jess,07-08-2020,R_2,,
2018-06-11,EP4,EP4-ET-11.06.18,EP4-ET-11.06.18-S,,Diptera,Chironomidae,13,,Jess,07-08-2020,R_2,,
2018-06-11,EP4,EP4-ET-11.06.18,EP4-ET-11.06.18-S,,Araneae,,1,,Jess,07-08-2020,R_2,,
2018-06-11,HC,HC-ET-11.06.18,HC-ET-11.06.18-S,,Araneae,,2,,Jess,summer 2020,R_2,,
2018-06-11,HC,HC-ET-11.06.18,HC-ET-11.06.18-S,,Coleoptera,Curculionidae,5,,Jess,summer 2020,R_2,,
2018-06-11,HC,HC-ET-11.06.18,HC-ET-11.06.18-S,,Diptera,Chironomidae,22,,Jess,summer 2020,R_2,,
2018-06-11,HC,HC-ET-11.06.18,HC-ET-11.06.18-S,,Trichoptera,Hydropsychidae,7,,Jess,summer 2020,R_2,,
2018-06-11,AT,AT-ET-11-06-18,,,Diptera,Brachycera,3,,Charlotte,2018-07-17,R_1,,
2018-06-11,AT,AT-ET-11-06-18,,,Diptera,Chironominidae,42,,Charlotte,2018-07-17,R_1,,
2018-06-11,AT,AT-ET-11-06-18,,,Collembola,,3,,Charlotte,2018-07-17,R_1,,
2018-06-11,AT,AT-ET-11-06-18,,,Diptera,Tipulidae,1,,Charlotte,2018-07-17,R_1,,
2018-06-11,AT,AT-ET-11-06-18,,,Diptera,Ptychopteridae,1,,Charlotte,2018-07-17,R_1,,
2018-06-11,AT,AT-ET-11-06-18,,,Ephemeroptera,,1,,Charlotte,2018-07-17,R_1,,
2018-06-11,HC,HC-ET-11-06-18,,,Diptera,Dytiscidae,1,,Charlotte,2018-07-18,R_1,,
2018-06-11,HC,HC-ET-11-06-18,,,Trichoptera,Hydropsychidae,5,,Charlotte,2018-07-18,R_1,,
2018-06-11,HC,HC-ET-11-06-18,,,Coleoptera,Curculionidae,7,,Charlotte,2018-07-18,R_1,,
2018-06-11,HC,HC-ET-11-06-18,,,Diptera,Chironominidae,84,,Charlotte,2018-07-18,R_1,,
2018-06-11,HC,HC-ET-11-06-18,,,Plecoptera,Perlodidae,1,,Charlotte,2018-07-18,R_1,,
2018-06-11,HC,HC-ET-11-06-18,,,Diptera,Brachycera,2,,Charlotte,2018-07-18,R_1,,
2018-06-11,HC,HC-ET-11-06-18,,,Coleoptera,Latridiidae,1,,Charlotte,2018-07-18,R_1,,
2018-06-11,HC,HC-ET-11-06-18,,,Collembola,,2,,Charlotte,2018-07-18,R_1,,
2018-06-11,EP4,EP4-ET-11-06-18,,,Lepidoptera,,1,,Charlotte,2018-07-18,R_1,,
2018-06-11,EP4,EP4-ET-11-06-18,,,Gastropoda,,1,,Charlotte,2018-07-18,R_1,,
2018-06-11,EP4,EP4-ET-11-06-18,,,Aranae,,3,,Charlotte,2018-07-18,R_1,,
2018-06-11,EP4,EP4-ET-11-06-18,,,Ephemeroptera,Baetidae,11,,Charlotte,2018-07-18,R_1,,
2018-06-11,EP4,EP4-ET-11-06-18,,,Diptera,Chironominidae,21,,Charlotte,2018-07-18,R_1,,
2018-06-11,EP4,EP4-ET-11-06-18,,,Coleoptera,Latridiidae,1,,Charlotte,2018-07-18,R_1,,
2018-06-14,AT,AT-ET-14-06-18,,,Diptera,Calliphoridae,1,,Jess,2019-11-07,R_1,,
2018-06-14,AT,AT-ET-14-06-18,,,Diptera,Anthomyiidae,1,,Jess,2019-11-07,R_1,,
2018-06-14,AT,AT-ET-14-06-18,,,Diptera,Tipulidae,3,,Jess,2019-11-07,R_1,,
2018-06-14,AT,AT-ET-14-06-18,,,Coleoptera,Curculionidae,1,,Jess,2019-11-07,R_1,,
2018-06-14,AT,AT-ET-14-06-18,,,Diptera,Chironomidae,29,,Jess,2019-11-07,R_1,,
2018-06-14,AT,AT-ET-14-06-18,,,Diptera,Blephariceridae,1,,Jess,2019-11-07,R_1,,
2018-06-14,AT,AT-ET-14-06-18,,,Diptera,Tephritidae,1,,Jess,2019-11-07,R_1,,
2018-06-14,AT,AT-ET-14-06-18,,,Plecoptera,Perlodidae,1,,Jess,2019-11-07,R_1,,
2018-06-14,AT,AT-ET-14-06-18,,,Collembola,,1,,Jess,2019-11-07,R_1,,
2018-06-14,EP4,EP4-ET-14.06.18,EP4-ET-14.06.18-S,,Trichoptera,Hydropsychidae,3,,Jess,summer 2020,R_1,,
2018-06-14,EP4,EP4-ET-14.06.18,EP4-ET-14.06.18-S,,Hemiptera,Cicadellidae,1,,Jess,summer 2020,R_1,,
2018-06-14,EP4,EP4-ET-14.06.18,EP4-ET-14.06.18-S,,Gastropoda,,2,,Jess,summer 2020,R_1,,
2018-06-14,EP4,EP4-ET-14.06.18,EP4-ET-14.06.18-S,,Ephemeroptera,Baetidae,16,,Jess,summer 2020,R_1,,
2018-06-14,EP4,EP4-ET-14.06.18,EP4-ET-14.06.18-S,,Coleoptera,Anobiidae,1,,Jess,summer 2020,R_1,,
2018-06-14,EP4,EP4-ET-14.06.18,EP4-ET-14.06.18-S,,Diptera,Chironomidae,14,,Jess,summer 2020,R_1,,
2018-06-14,EP4,EP4-ET-14.06.18,EP4-ET-14.06.18-S,,Coleoptera,Buprestidae,1,"Unsure, could be chrysomelidae",Jess,summer 2020,R_1,,
2018-06-14,EP4,EP4-ET-14.06.18,EP4-ET-14.06.18-S,,Orthoptera,Acrididae,1,Nymph,Jess,summer 2020,R_1,,
2018-06-14,EP4,EP4-ET-14.06.18,EP4-ET-14.06.18-S,,Diptera,Dolichopodidae,1,,Jess,summer 2020,R_1,,
2018-06-14,HC,HC-ET-14.06.18,HC-ET-14.06.18-S,,Hemiptera,Gerridae,1,,Jess,summer 2020,R_1,,
2018-06-14,HC,HC-ET-14.06.18,HC-ET-14.06.18-S,,Hymenoptera,Formicidae,1,,Jess,summer 2020,R_1,,
2018-06-14,HC,HC-ET-14.06.18,HC-ET-14.06.18-S,,Coleoptera,Curculionidae,4,,Jess,summer 2020,R_1,,
2018-06-14,HC,HC-ET-14.06.18,HC-ET-14.06.18-S,,Trichoptera,Hydropsychidae,4,,Jess,summer 2020,R_1,,
2018-06-14,HC,HC-ET-14.06.18,HC-ET-14.06.18-S,,Coleoptera,Buprestidae,1,,Jess,summer 2020,R_1,,
2018-06-14,HC,HC-ET-14.06.18,HC-ET-14.06.18-S,,Coleoptera,Cantharidae,1,,Jess,summer 2020,R_1,,
2018-06-14,HC,HC-ET-14.06.18,HC-ET-14.06.18-S,,Coleoptera,Hydrophilidae,1,,Jess,summer 2020,R_1,,
2018-06-14,HC,HC-ET-14.06.18,HC-ET-14.06.18-S,,Coleoptera,Scolytinae,1,,Jess,summer 2020,R_1,,
2018-06-14,HC,HC-ET-14.06.18,HC-ET-14.06.18-S,,Diptera,Chironomidae,84,,Jess,summer 2020,R_1,,
2018-06-14,HC,HC-ET-14.06.18,HC-ET-14.06.18-S,,Lepidoptera,unknown,1,No ID to key this individual,Jess,summer 2020,R_1,,
2018-06-14,HC,HC-ET-14.06.18,HC-ET-14.06.18-S,,Araneae,,2,,Jess,summer 2020,R_1,,
2018-06-14,HC,HC-ET-14.06.18,HC-ET-14.06.18-S,,Coleoptera,Coccinellidae,1,,Jess,summer 2020,R_1,,
2018-06-14,HC,HC-ET-14.06.18,HC-ET-14.06.18-S,,Thysanoptera,,1,No ID key,Jess,summer 2020,R_1,,
2018-06-14,HC,HC-ET-14.06.18,HC-ET-14.06.18-S,,Collembola,,1,,Jess,summer 2020,R_1,,
2018-06-14,HC,HC-ET-14.06.18,HC-ET-14.06.18-S,,Diptera,Tachinidae,1,,Jess,summer 2020,R_1,,
2018-06-18,AT,AT-ET-18.06.18,,,Diptera,Chironomidae,4,,Jess,2019-11-14,R_2 ,,
2018-06-21,AT,AT-ET-21.06.18,,,Diptera,Chironomidae,3,,Jess,2019-11-14,R_2,,
2018-06-18,EP4,EP4-ET-18.06.18,EP4-ET-18.06.18-S,,Gastropoda,,1,,Jess,Summer 2020,R_2,,
2018-06-18,EP4,EP4-ET-18.06.18,EP4-ET-18.06.18-S,,Araneae,,1,,Jess,Summer 2020,R_2,,
2018-06-18,EP4,EP4-ET-18.06.18,EP4-ET-18.06.18-S,,Diptera,,8,,Jess,Summer 2020,R_2,,
2018-06-18,EP4,EP4-ET-18.06.18,EP4-ET-18.06.18-S,,Ephemeroptera,Baetidae,2,,Jess,Summer 2020,R_2,,
2018-06-18,HC,HC-ET-18.06.18,HC-ET-18.06.18-S,,Trichoptera,Hydropsychidae,2,,Jess,Summer 2020,R_1,,
2018-06-18,HC,HC-ET-18.06.18,HC-ET-18.06.18-S,,Coleoptera,Ptinidae,1,,Jess,Summer 2020,R_1,,
2018-06-18,HC,HC-ET-18.06.18,HC-ET-18.06.18-S,,Diptera,Chironomidae,68,,Jess,Summer 2020,R_1,,
2018-06-18,HC,HC-ET-18.06.18,HC-ET-18.06.18-S,,Diptera,Simuliidae,2,,Jess,Summer 2020,R_1,,
2018-06-18,HC,HC-ET-18.06.18,HC-ET-18.06.18-S,,Collembola,,2,,Jess,Summer 2020,R_1,,
2018-06-18,HC,HC-ET-18.06.18,HC-ET-18.06.18-S,,Coleoptera,Curculionidae,1,,Jess,Summer 2020,R_1,,
2018-06-18,HC,HC-ET-18.06.18,HC-ET-18.06.18-S,,Acari,,1,,Jess,Summer 2020,R_1,,
2018-06-18,AT,AT-ET-18-06-18,,,Diptera,Chironominidae,13,,Charlotte,2018-07-18,R_1,,
2018-06-18,AT,AT-ET-18-06-18,,,Diptera,Brachycera,2,,Charlotte,2018-07-18,R_1,,
2018-06-18,AT,AT-ET-18-06-18,,,Coleoptera,Chrysomelidae,1,,Charlotte,2018-07-18,R_1,,
2018-06-18,AT,AT-ET-18-06-18,,,Diptera,Tipulidae,2,,Charlotte,2018-07-18,R_1,,
2018-06-18,EP4,EP4-ET-18-06-18,,,Diptera,Chironominidae,19,,Charlotte,2018-08-20,R_1,,
2018-06-18,EP4,EP4-ET-18-06-18,,,Ephemeroptera,Baetidae,1,,Charlotte,2018-08-20,R_1,,
2018-06-18,EP4,EP4-ET-18-06-18,,,Collembola,,3,,Charlotte,2018-08-20,R_1,,
2018-06-18,EP4,EP4-ET-18-06-18,,,UNK,,1,,Charlotte,2018-08-20,R_1,,
2018-06-18,EP4,EP4-ET-18-06-18,,,Coleoptera,Chrysomelidae,1,,Charlotte,2018-08-20,R_1,,
2018-06-18,EP4,EP4-ET-18-06-18,,,Diptera,Brachycera,1,,Charlotte,2018-08-20,R_1,,
2018-06-18,HC,HC-ET-18-06-18,,,Diptera,Chironominidae,45,,Charlotte,2018-08-20,R_1,,
2018-06-18,HC,HC-ET-18-06-18,,,Coleoptera,Curculionidae,1,,Charlotte,2018-08-20,R_1,,
2018-06-18,HC,HC-ET-18-06-18,,,Coleoptera,Coccinellidae,1,,Charlotte,2018-08-20,R_1,,
2018-06-18,HC,HC-ET-18-06-18,,,Trichoptera,Hydropsychidae,4,,Charlotte,2018-08-20,R_1,,
2018-06-18,HC,HC-ET-18-06-18,,,Diptera,Simuliidae,2,,Charlotte,2018-08-20,R_1,,
2018-06-18,HC,HC-ET-18-06-18,,,Coleoptera,Anobiidae,1,,Charlotte,2018-08-20,R_1,,
2018-06-18,HC,HC-ET-18-06-18,,,Coleoptera,Tenebrionidae,1,,Charlotte,2018-08-20,R_1,,
2018-06-28,HC,HC-ET-28-06-18,,,Hemiptera,Aphidoidea,1,,SF+VG,2019-07-02,R_1,,
2018-06-28,HC,HC-ET-28-06-18,,,Hemiptera,Gerridae,1,,SF+VG,2019-07-02,R_1,,
2018-06-28,HC,HC-ET-28-06-18,,,Diptera,Chironominidae,9,,SF+VG,2019-07-02,R_1,,
2018-06-21,EP4,EP4-ET-21-06-18,,,Diptera,Chironomidae,13,,Charlotte,2018-09-13,R_1,,
2018-06-21,EP4,EP4-ET-21-06-18,,,Diptera,Brachycera,1,,Charlotte,2018-09-13,R_1,,
2018-06-21,EP4,EP4-ET-21-06-18,,,Coleoptera,Chrysomelidae,1,,Charlotte,2018-09-13,R_1,,
2018-06-21,EP4,EP4-ET-21-06-18,,,Collembola,,NR,NR = not recorded,Charlotte,2018-09-13,R_1,,
2018-06-21,EP4,EP4-ET-21-06-18,,,Diptera,Chironomidae,12,,Jess,2020-02-24,R_2,,
2018-06-21,EP4,EP4-ET-21-06-18,,,Collembola,,1,,Jess,2020-02-24,R_2,,
2018-06-21,EP4,EP4-ET-21-06-18,,,Diptera,Milichiidae,1,? No head,Jess,2020-02-24,R_2,,
2018-06-21,EP4,EP4-ET-21-06-18,,,Gastropoda,,1,,Jess,2020-02-24,R_2,,
2018-06-21,EP4,EP4-ET-21.06.18,EP4-ET-21.06.18-S,,Coleoptera,Coccinellidae,1,,Jess,summer 2020,R_3,,
2018-06-21,EP4,EP4-ET-21.06.18,EP4-ET-21.06.18-S,,Gastropoda,,1,,Jess,summer 2020,R_3,,
2018-06-21,EP4,EP4-ET-21.06.18,EP4-ET-21.06.18-S,,Diptera,Dolichopodidae,1,,Jess,summer 2020,R_3,,
2018-06-21,EP4,EP4-ET-21.06.18,EP4-ET-21.06.18-S,,Diptera,Chironomidae,1,,Jess,summer 2020,R_3,,
2018-06-21,HC,HC-ET-21-06-18,,,Diptera,Chironomidae,5,,Charlotte,2018-09-18,R_1,,
2018-06-21,HC,HC-ET-21-06-18,,,Trichoptera,Baetidae,3,,Charlotte,2018-09-18,R_1,,
2018-06-21,HC,HC-ET-21-06-18,,,Coleoptera,Hydrophilidae,1,,Charlotte,2018-09-18,R_1,,
2018-06-21,HC,HC-ET-21.06.18,HC-ET-21.06.18-S,,Trichoptera,Hydropsychidae,2,,Jess,summer 2020,R_2 ,,
2018-06-21,HC,HC-ET-21.06.18,HC-ET-21.06.18-S,,Coleoptera,Curculionidae,1,,Jess,summer 2020,R_2 ,,
2018-06-21,HC,HC-ET-21.06.18,HC-ET-21.06.18-S,,Coleoptera,Hydrophilidae,1,,Jess,summer 2020,R_2 ,,
2018-06-21,HC,HC-ET-21.06.18,HC-ET-21.06.18-S,,Diptera,Chironomidae,19,,Jess,summer 2020,R_2 ,,
2018-06-21,HC,HC-ET-21.06.18,HC-ET-21.06.18-S,,Araneae,,1,,Jess,summer 2020,R_2 ,,
2018-06-21,HC,HC-ET-21.06.18,HC-ET-21.06.18-S,,Diptera,Simuliidae,1,,Jess,summer 2020,R_2 ,,
2018-06-21,HC,HC-ET-21.06.18,HC-ET-21.06.18-S,,Hemiptera,Cercopidae,2,Several in sample,Jess,summer 2020,R_2 ,,
2018-06-21,AT,AT-ET-21-06-18,,,Diptera,Chironominidae,13,,Charlotte,2018-08-20,R_1,,
2018-06-21,AT,AT-ET-21-06-18,,,Diptera,Simuliidae,1,,Charlotte,2018-08-20,R_1,,
2018-06-25,AT,AT-ET-25.06.18,,,Diptera,Chironomidae,9,,Tommy,2018-12-03,R_1,,
2018-06-25,AT,AT-ET-25.06.18,,,Diptera,Ceratopogonidae,1,,Tommy,2018-12-03,R_1,,
2018-06-25,AT,AT-ET-25.06.18,,,Coleoptera,Curculionidae,1,,Tommy,2018-12-03,R_1,,
2018-06-25,AT,AT-ET-25.06.18,AT-ET-25.06.18-S,,Diptera,Chironomidae,15,Very small sample,Jess,summer 2020,R_2,,
2018-06-25,AT,AT-ET-25.06.18,AT-ET-25.06.18-S,,Hemiptera,Aphidae,1,,Jess,summer 2020,R_2,,
2018-06-25,AT,AT-ET-25.06.18,AT-ET-25.06.18-S,,Diptera,Chloropidae,2,,Jess,summer 2020,R_2,,
2018-06-25,EP4,EP4-ET-25.06.18,,,Diptera,Chironomidae,15,,Tommy,2018-11-28,R_1,,
2018-06-25,EP4,EP4-ET-25.06.18,,,Araneae,,1,,Tommy,2018-11-28,R_1,,
2018-06-25,EP4,EP4-ET-25.06.18,EP4-ET-25.06.18-S,,Trichoptera,Hydropsychidae,1,,Jess,summer 2020,R_2,,
2018-06-25,EP4,EP4-ET-25.06.18,EP4-ET-25.06.18-S,,Ephemeroptera,Baetidae,1,,Jess,summer 2020,R_2,,
2018-06-25,EP4,EP4-ET-25.06.18,EP4-ET-25.06.18-S,,Collembola,,1,,Jess,summer 2020,R_2,,
2018-06-25,EP4,EP4-ET-25.06.18,EP4-ET-25.06.18-S,,Diptera,Chironomidae,18,,Jess,summer 2020,R_2,,
2018-06-25,EP4,EP4-ET-25.06.18,EP4-ET-25.06.18-S,,Hemiptera,Cercopidae,1,,Jess,summer 2020,R_2,,
2018-06-25,EP4,EP4-ET-25.06.18,EP4-ET-25.06.18-S,,Diptera,Psychodidae,1,,Jess,summer 2020,R_2,,
2018-06-25,HC,HC-ET-25.06.18,,,Diptera,Chironomidae,2,A10,Tommy,2018-11-28,R_1,,
2018-06-25,HC,HC-ET-25.06.18,,,Araneae,,2,B1,,2018-11-28,R_1,,
2018-06-25,HC,HC-ET-25.06.18,,,Trichoptera,Hydropsychidae,1,B2,,2018-11-28,R_1,,
2018-06-25,HC,HC-ET-25.06.18,HC-ET-25.06.18-S,,Araneae,,2,,Jess,summer 2020,R_2,,
2018-06-25,HC,HC-ET-25.06.18,HC-ET-25.06.18-S,,Trichoptera,Hydropsychidae,1,,Jess,summer 2020,R_2,,
2018-06-25,HC,HC-ET-25.06.18,HC-ET-25.06.18-S,,Hemiptera,Gerridae,1,,Jess,summer 2020,R_2,,
2018-06-25,HC,HC-ET-25.06.18,HC-ET-25.06.18-S,,Coleoptera,Lampyridae,1,,Jess,summer 2020,R_2,,
2018-06-25,HC,HC-ET-25.06.18,HC-ET-25.06.18-S,,Hemiptera,Miridae,1,,Jess,summer 2020,R_2,,
2018-06-25,HC,HC-ET-25.06.18,HC-ET-25.06.18-S,,Diptera,Chironomidae,5,,Jess,summer 2020,R_2,,
2018-06-25,HC,HC-ET-25.06.18,HC-ET-25.06.18-S,,Hemiptera,Cercopidae,1,,Jess,summer 2020,R_2,,
2018-06-25,HC,HC-ET-25.06.18,HC-ET-25.06.18-S,,Coleoptera,Chrysomelidae,1,,Jess,summer 2020,R_2,,
2018-06-25,HC,HC-ET-25.06.18,HC-ET-25.06.18-S,,Trichoptera,Hydropsychidae,1,,Jess,summer 2020,R_2,,
2018-06-25,HC,HC-ET-25.06.18,HC-ET-25.06.18-S,,Diptera,Chironomidae,5,,Jess,summer 2020,R_2,,
2018-06-28,AT,AT-ET-28-06-18,AT-ET-28-06-18-S,AT-ET-28-06-18-S1,Diptera,Chirnomidae,9,,VG+SH,2019-06-28,R_1,,
2018-06-28,AT,AT-ET-28-06-18,AT-ET-28-06-18-S,AT-ET-28-06-18-S2,deteriorated,,1,,VG+SH,2019-06-28,R_1,,
2018-06-28,AT,AT-ET-28-06-18,AT-ET-28-06-18-S,AT-ET-28-06-18-S3,Diptera,Mycetophilidae,1,,VG+SH,2019-06-28,R_1,,
2018-06-28,AT,AT-ET-28-06-18,AT-ET-28-06-18-S,AT-ET-28-06-18-S4,Collembola,,1,,VG+SH,2019-06-28,R_1,,
2018-06-28,AT,AT-ET-28-06-18,AT-ET-28-06-18-S,AT-ET-28-06-18-S5,Diptera,Chironomidae larvae,2,,VG+SH,2019-06-28,R_1,,
2018-06-28,AT,AT-ET-28-06-18,AT-ET-28-06-18-S,AT-ET-28-06-18-S6,Oligochaete,,1,,VG+SH,2019-06-28,R_1,,
2018-06-28,AT,AT-ET-28.06.18,AT-ET-28.06.18-S,,Diptera,Chironomidae,15,,Jess,Summer 2020,R_2,,
2018-06-28,AT,AT-ET-28.06.18,AT-ET-28.06.18-S,,Diptera,Chloropidae,1,,Jess,Summer 2020,R_2,,
2018-06-28,EP4,EP4-ET-28-06-18,EP4-ET-28-06-18-S,EP4-ET-28-06-18-S1,Gastropoda,Bithyniidae,1,,VG+SH,2019-06-28,R_1,,
2018-06-28,EP4,EP4-ET-28-06-18,EP4-ET-28-06-18-S,EP4-ET-28-06-18-S2,Collembola,,7,,VG+SH,2019-06-28,R_1,,
2018-06-28,EP4,EP4-ET-28-06-18,EP4-ET-28-06-18-S,EP4-ET-28-06-18-S3,Diptera,Chironomidae,36,,VG+SH,2019-06-28,R_1,,
2018-06-28,EP4,EP4-ET-28-06-18,EP4-ET-28-06-18-S,EP4-ET-28-06-18-S4,Diptera,Dixidae,1,,VG+SH,2019-06-28,R_1,,
2018-06-28,EP4,EP4-ET-28-06-18,EP4-ET-28-06-18-S,EP4-ET-28-06-18-S5,Ephemeroptera,,2,,VG+SH,2019-06-28,R_1,,
2018-06-28,EP4,EP4-ET-28-06-18,EP4-ET-28-06-18-S,EP4-ET-28-06-18-S6,Coleoptera,,1,"decapitated, potentially staphylinidae",VG+SH,2019-06-28,R_1,,
2018-06-28,EP4,EP4-ET-28-06-18,EP4-ET-28-06-18-S,EP4-ET-28-06-18-S7,Hemiptera,Phyloxeridae,1,,VG+SH,2019-06-28,R_1,,
2018-06-28,EP4,EP4-ET-28-06-18,EP4-ET-28-06-18-S,EP4-ET-28-06-18-S8,Thysanoptera,,1,,VG+SH,2019-06-28,R_1,,
2018-06-28,EP4,EP4-ET-28-06-18,EP4-ET-28-06-18-S,EP4-ET-28-06-18-S9,Unknown ,,4,,VG+SH,2019-06-28,R_1,,
2018-06-28,EP4,EP4-ET-28-06-18,EP4-ET-28-06-18-S,EP4-ET-28-06-18-S10,Diptera,Culcidae,1,,VG+SH,2019-06-28,R_1,,
2018-06-28,EP4,EP4-ET-28-06-18,EP4-ET-28-06-18-S,EP4-ET-28-06-18-S10,Diptera,Ceratopogonidae,1,,VG+SH,2019-06-28,R_1,,
2018-06-28,EP4,EP4-ET-28.06.18,EP4-ET-28.06.18-S,,Coleoptera,Dytiscidae,1,,Jess,15-06-2020,R_2,,
2018-06-28,EP4,EP4-ET-28.06.18,EP4-ET-28.06.18-S,,Hemiptera,Gerridae,1,,Jess,15-06-2020,R_2,,
2018-06-28,EP4,EP4-ET-28.06.18,EP4-ET-28.06.18-S,,Coleoptera,Staphylinidae,1,,Jess,15-06-2020,R_2,,
2018-06-28,EP4,EP4-ET-28.06.18,EP4-ET-28.06.18-S,,Coleoptera,Chrysomelidae,1,,Jess,15-06-2020,R_2,,
2018-06-28,EP4,EP4-ET-28.06.18,EP4-ET-28.06.18-S,,Diptera,Chironomidae,21,,Jess,15-06-2020,R_2,,
2018-06-28,EP4,EP4-ET-28.06.18,EP4-ET-28.06.18-S,,Collembola,,2,,Jess,15-06-2020,R_2,,
2018-06-28,EP4,EP4-ET-28.06.18,EP4-ET-28.06.18-S,,Diptera,Dolichopodidae,1,,Jess,15-06-2020,R_2,,
2018-06-28,HC,HC-ET-28.06.18,HC-ET-28.06.18-S,,Coleoptera,Chrysomelidae,3,,Jess,summer 2020,R_2,,
2018-06-28,HC,HC-ET-28.06.18,HC-ET-28.06.18-S,,Trichoptera,Hydropsychidae,2,,Jess,summer 2020,R_2,,
2018-06-28,HC,HC-ET-28.06.18,HC-ET-28.06.18-S,,Diptera,Chironomidae,6,,Jess,summer 2020,R_2,,
2018-07-02,AT,AT-ET-02-07-18,,,Diptera,Chironominidae,45,,SF_VG,2019-07-08,R_1,,
2018-07-02,AT,AT-ET-02-07-18,,,Collembola,,15,,SF_VG,2019-07-08,R_1,,
2018-07-02,AT,AT-ET-02-07-18,,,Araneae,,5,,SF_VG,2019-07-08,R_1,,
2018-07-02,AT,AT-ET-02-07-18,,,Hemiptera,Aphidoidea,1,,SF_VG,2019-07-08,R_1,,
2018-07-02,AT,AT-ET-02-07-18,,,Diptera,Dixidae,1,,SF_VG,2019-07-08,R_1,,
2018-07-02,AT,AT-ET-02-07-18,,,Diptera,Cecidomyiidae,2,,SF_VG,2019-07-08,R_1,,
2018-07-02,AT,AT-ET-02-07-18,,,Thysanoptera,,2,,SF_VG,2019-07-08,R_1,,
2018-07-02,AT,AT-ET-02.07.18,AT-ET-02.07.18-S,,Collembola,,16,,Jess,summer 2020,R_2,,
2018-07-02,AT,AT-ET-02.07.18,AT-ET-02.07.18-S,,Diptera,Chironomidae,70,,Jess,summer 2020,R_2,,
2018-07-02,AT,AT-ET-02.07.18,AT-ET-02.07.18-S,,Hemiptera,Gerridae,1,,Jess,summer 2020,R_2,,
2018-07-02,AT,AT-ET-02.07.18,AT-ET-02.07.18-S,,Diptera,Chloropidae,1,,Jess,summer 2020,R_2,,
2018-07-02,EP4,EP4-ET-02.07.18,EP4-ET-02.07.18-S,,Coleoptera,Coccinellidae,1,Larvae,Jess,summer 2020,R_2,,
2018-07-02,EP4,EP4-ET-02.07.18,EP4-ET-02.07.18-S,,Diptera,Chironomidae,54,,Jess,summer 2020,R_2,,
2018-07-02,EP4,EP4-ET-02.07.18,EP4-ET-02.07.18-S,,Ephemeroptera,Baetidae,4,Many in sample,Jess,summer 2020,R_2,,
2018-07-02,EP4,EP4-ET-02.07.18,EP4-ET-02.07.18-S,,Araneae,,1,,Jess,summer 2020,R_2,,
2018-07-02,EP4,EP4-ET-02.07.18,EP4-ET-02.07.18-S,,Trichoptera,Limnephilidae,1,,Jess,summer 2020,R_2,,
2018-07-02,EP4,EP4-ET-02.07.18,EP4-ET-02.07.18-S,,Diptera,Chloropidae,9,,Jess,summer 2020,R_2,,
2018-07-02,EP4,EP4-ET-02.07.18,EP4-ET-02.07.18-S,,Coleoptera,Latridiidae,1,,Jess,summer 2020,R_2,,
2018-07-02,EP4,EP4-ET-02.07.18,EP4-ET-02.07.18-S,,Collembola,,8,,Jess,summer 2020,R_2,,
2018-07-02,EP4,EP4-ET-02.07.18,EP4-ET-02.07.18-S,,Diptera,Dolichopodidae,3,,Jess,summer 2020,R_2,,
2018-07-02,EP4,EP4-ET-02.07.18,EP4-ET-02.07.18-S,,Hemiptera,Cicadellidae,1,,Jess,summer 2020,R_2,,
2018-07-02,HC,HC-ET-02.07.18,HC-ET-02.07.18-S,,Diptera,Chironomidae,82,,Jess,29-06-2020,R_2 ,,
2018-07-02,HC,HC-ET-02.07.18,HC-ET-02.07.18-S,,Trichoptera,Hydropsychidae,1,,Jess,29-06-2020,R_2 ,,
2018-07-02,HC,HC-ET-02.07.18,HC-ET-02.07.18-S,,Diptera,Simuliidae,3,,Jess,29-06-2020,R_2 ,,
2018-07-02,HC,HC-ET-02.07.18,HC-ET-02.07.18-S,,Coleoptera,Curculionidae,1,,Jess,29-06-2020,R_2 ,,
2018-07-02,HC,HC-ET-02.07.18,HC-ET-02.07.18-S,,Diptera,Dolichopodidae,1,,Jess,29-06-2020,R_2 ,,
2018-07-02,HC,HC-ET-02-07-18,,,Aranae,,1,,SF+VG,2019-07-17,R_1,,
2018-07-02,HC,HC-ET-02-07-18,,,Diptera,Chironominidae,56,,SF+VG,2019-07-17,R_1,,
2018-07-02,HC,HC-ET-02-07-18,,,Trichoptera,Hydropsychidae,3,,SF+VG,2019-07-17,R_1,,
2018-07-02,HC,HC-ET-02-07-18,,,Diptera,Simuliidae,1,,SF+VG,2019-07-17,R_1,,
2018-07-02,EP4,EP4-ET-02-07-18,,,Diptera,Chironominidae,98,,SF+VG,2019-07-19,R_1,,
2018-07-02,EP4,EP4-ET-02-07-18,,,Aranae,,1,,SF+VG,2019-07-19,R_1,,
2018-07-02,EP4,EP4-ET-02-07-18,,,Collembola,Lepidocyrtus,12,,SF+VG,2019-07-19,R_1,,
2018-07-02,EP4,EP4-ET-02-07-18,,,Thysanoptera ,Thripidae,4,,SF+VG,2019-07-19,R_1,,
2018-07-02,EP4,EP4-ET-02-07-18,,,Ephemeroptera,Baetidae,11,,SF+VG,2019-07-19,R_1,,
2018-07-02,EP4,EP4-ET-02-07-18,,,Trichoptera,Hydropsychidae,1,,SF+VG,2019-07-19,R_1,,
2018-07-02,EP4,EP4-ET-02-07-18,,,Coleoptera,Curculionidae,1,,SF+VG,2019-07-19,R_1,,
2018-07-02,EP4,EP4-ET-02-07-18,,,Orthoptera,Acrididae,1,,SF+VG,2019-07-19,R_1,,
2018-07-02,EP4,EP4-ET-02-07-18,,,Diptera,Fanniidae,6,,SF+VG,2019-07-19,R_1,,
2018-07-02,EP4,EP4-ET-02-07-18,,,Acari,,1,,SF+VG,2019-07-19,R_1,,
2018-07-02,EP4,EP4-ET-02-07-18,,,Diptera,Cecidomyiidae,1,,SF+VG,2019-07-19,R_1,,
2018-07-02,EP4,EP4-ET-02-07-18,,,Trichoptera,Leptoceridae,1,very young larvae,SF+VG,2019-07-19,R_1,,
2018-07-02,EP4,EP4-ET-02-07-18,,,Diptera,Dolichopodidae,1,,SF+VG,2019-07-19,R_1,,
2018-07-04,EP4,EP4-ET-04-07-18,,,Diptera,Chironominidae,23,,SF+Vg,2019-07-25,R_1,,
2018-07-04,EP4,EP4-ET-04-07-18,,,Collembola,,15,,SF+Vg,2019-07-25,R_1,,
2018-07-04,EP4,EP4-ET-04-07-18,,,Aranae,,1,,SF+Vg,2019-07-25,R_1,,
2018-07-04,EP4,EP4-ET-04-07-18,,,Diptera,Polichopodidae,1,,SF+Vg,2019-07-25,R_1,,
2018-07-04,EP4,EP4-ET-04-07-18,,,Acari,,2,,SF+Vg,2019-07-25,R_1,,
2018-07-04,EP4,EP4-ET-04-07-18,,,Diptera,Fanniidae,4,,SF+Vg,2019-07-25,R_1,,
2018-07-04,EP4,EP4-ET-04-07-18,,,Trichoptera,Glossomatidae,1,,SF+Vg,2019-07-25,R_1,,
2018-07-04,EP4,EP4-ET-04-07-18,,,Ephemeroptera,Baetidae,2,,SF+Vg,2019-07-25,R_1,,
2018-07-04,EP4,EP4-ET-04-07-18,,,Coleoptera,Meloidae,1,,SF+Vg,2019-07-25,R_1,,
2018-07-04,EP4,EP4-ET-04-07-18,,,Diptera,Sciaridae,1,,SF+Vg,2019-07-25,R_1,,
2018-07-04,EP4,EP4-ET-04-07-18,,,Diptera,Cecidomyiidae,1,,SF+Vg,2019-07-25,R_1,,
2018-07-04,EP4,EP4-ET-04-07-18,,,Diptera,Chloropidae,1,,SF+Vg,2019-07-25,R_1,,
2018-07-04,AT,AT-ET-04-07-18,,,Diptera,Chironomidae,70,,Jess,18-11-2019,R_1,,
2018-07-04,AT,AT-ET-04-07-18,,,Collembola,,14,,Jess,18-11-2019,R_1,,
2018-07-04,AT,AT-ET-04-07-18,,,Coleoptera,Curculionidae,1,,Jess,18-11-2019,R_1,,
2018-07-04,AT,AT-ET-04-07-18,,,Arachnida,,1,,Jess,18-11-2019,R_1,,
2018-07-04,AT,AT-ET-04-07-18,,,Thysanoptera,,1,,Jess,18-11-2019,R_1,,
2018-07-04,AT,AT-ET-04-07-18,,,Diptera,Dolichopodidae,1,,Jess,18-11-2019,R_1,,
2018-07-04,EP4,EP4-ET-04.07.18,EP4-ET-04.07.18-S,,Diptera,Chironomidae,26,,Jess,summer 2020,R_2 ,,
2018-07-04,EP4,EP4-ET-04.07.18,EP4-ET-04.07.18-S,,Collembola,,,,Jess,summer 2020,R_2 ,,
2018-07-04,EP4,EP4-ET-04.07.18,EP4-ET-04.07.18-S,,Trichoptera,Limnephilidae,2,,Jess,summer 2020,R_2 ,,
2018-07-04,EP4,EP4-ET-04.07.18,EP4-ET-04.07.18-S,,Hymenoptera,Ichneumonidae,1,,Jess,summer 2020,R_2 ,,
2018-07-04,EP4,EP4-ET-04.07.18,EP4-ET-04.07.18-S,,Ephemeroptera,Baetidae,1,,Jess,summer 2020,R_2 ,,
2018-07-04,EP4,EP4-ET-04.07.18,EP4-ET-04.07.18-S,,Araneae,,1,,Jess,summer 2020,R_2 ,,
2018-07-04,EP4,EP4-ET-04.07.18,EP4-ET-04.07.18-S,,Diptera,Dolichopodidae,3,,Jess,summer 2020,R_2 ,,
2018-07-04,EP4,EP4-ET-04.07.18,EP4-ET-04.07.18-S,,Gastropoda,,1,,Jess,summer 2020,R_2 ,,
2018-07-04,HC,HC-ET-04.07.18,HC-ET-04.07.18-S,,Lepidoptera,Erebidae,1,,Jess,summer 2020,R_2 ,,
2018-07-04,HC,HC-ET-04.07.18,HC-ET-04.07.18-S,,Hemiptera,Gerridae,3,,Jess,summer 2020,R_2 ,,
2018-07-04,HC,HC-ET-04.07.18,HC-ET-04.07.18-S,,Coleoptera,Ciidae,2,,Jess,summer 2020,R_2 ,,
2018-07-04,HC,HC-ET-04.07.18,HC-ET-04.07.18-S,,Trichoptera,Hydropsychidae,1,,Jess,summer 2020,R_2 ,,
2018-07-04,HC,HC-ET-04.07.18,HC-ET-04.07.18-S,,Diptera,Chironomidae,41,,Jess,summer 2020,R_2 ,,
2018-07-04,HC,HC-ET-04.07.18,HC-ET-04.07.18-S,,Diptera,Simuliidae,1,,Jess,summer 2020,R_2 ,,
2018-07-04,HC,HC-ET-04.07.18,HC-ET-04.07.18-S,,Hemiptera,Cicadellidae,3,,Jess,summer 2020,R_2 ,,
2018-07-04,HC,HC-ET-04-07-18,,,Amphipoda,,1,,SF+VG,2019-07-05,R_1,,
2018-07-04,HC,HC-ET-04-07-18,,,Diptera,Chironominidae,116,,SF+VG,2019-07-05,R_1,,
2018-07-04,HC,HC-ET-04-07-18,,,Hemiptera,Cicadellidae,1,,SF+VG,2019-07-05,R_1,,
2018-07-04,HC,HC-ET-04-07-18,,,Aranae,,1,,SF+VG,2019-07-05,R_1,,
2018-07-04,HC,HC-ET-04-07-18,,,Collembola,,1,,SF+VG,2019-07-05,R_1,,
2018-07-04,HC,HC-ET-04-07-18,,,UNK,,2,,SF+VG,2019-07-05,R_1,,
2018-07-04,HC,HC-ET-04-07-18,,,Diptera,Polichopodidae,1,,SF+VG,2019-07-05,R_1,,
2018-07-09,AT,AT-ET-09.07.18,AT-ET-09.07.18-S,,Collembola,,37,Many in the sample,Jess,16-06-2020,R_2,,
2018-07-09,AT,AT-ET-09.07.18,AT-ET-09.07.18-S,,Diptera,Chironomidae,38,,Jess,16-06-2020,R_2,,
2018-07-09,AT,AT-ET-09.07.18,AT-ET-09.07.18-S,,Hemiptera,Aphidae,1,,Jess,16-06-2020,R_2,,
2018-07-09,EP4,EP4-ET-09.07.18,EP4-ET-09.07.18-S,,Lepidoptera,Pyralidae,1,,Jess,11-06-2020,R_2,,
2018-07-09,EP4,EP4-ET-09.07.18,EP4-ET-09.07.18-S,,Diptera,Chironomidae,20,,Jess,11-06-2020,R_2,,
2018-07-09,EP4,EP4-ET-09.07.18,EP4-ET-09.07.18-S,,Diptera,Dolichopodidae,2,,Jess,11-06-2020,R_2,,
2018-07-09,EP4,EP4-ET-09.07.18,EP4-ET-09.07.18-S,,Diptera,Chloropidae,6,,Jess,11-06-2020,R_2,,
2018-07-09,EP4,EP4-ET-09.07.18,EP4-ET-09.07.18-S,,Collembola,,2,,Jess,11-06-2020,R_2,,
2018-07-09,HC,HC-ET-09.07.18,HC-ET-09.07.18-S,,Hemiptera,Gerridae,6,Many in sample,Jess,02-07-2020,R_2,,
2018-07-09,HC,HC-ET-09.07.18,HC-ET-09.07.18-S,,Araneae,,1,,Jess,02-07-2020,R_2,,
2018-07-09,HC,HC-ET-09.07.18,HC-ET-09.07.18-S,,Diptera,Chironomidae,38,,Jess,02-07-2020,R_2,,
2018-07-09,HC,HC-ET-09.07.18,HC-ET-09.07.18-S,,Lepidoptera,Erebidae,1,,Jess,02-07-2020,R_2,,
2018-07-09,EP4,EP4-ET-09-07-18,,,Collembola,,9,,SF+VG,2019-07-08,R_1 ,,
2018-07-09,EP4,EP4-ET-09-07-18,,,Diptera,Chironominidae,23,,SF+VG,2019-07-08,R_1 ,,
2018-07-09,EP4,EP4-ET-09-07-18,,,Coleoptera,,1,,SF+VG,2019-07-08,R_1 ,,
2018-07-09,EP4,EP4-ET-09-07-18,,,Aranae,,2,,SF+VG,2019-07-08,R_1 ,,
2018-07-09,EP4,EP4-ET-09-07-18,,,Thysanoptera ,,1,,SF+VG,2019-07-08,R_1 ,,
2018-07-09,EP4,EP4-ET-09-07-18,,,Diptera,Chloropidae,11,,SF+VG,2019-07-08,R_1 ,,
2018-07-09,EP4,EP4-ET-09-07-18,,,Arachnidae,Acari,1,,SF+VG,2019-07-08,R_1 ,,
2018-07-09,EP4,EP4-ET-09-07-18,,,Diptera,Sciaridae,2,,SF+VG,2019-07-08,R_1 ,,
2018-07-09,EP4,EP4-ET-09-07-18,,,Hymenoptera,Chalcidoidea,1,,SF+VG,2019-07-08,R_1 ,,
2018-07-09,EP4,EP4-ET-09-07-18,,,UNK,,1,,SF+VG,2019-07-08,R_1 ,,
2018-07-09,HC,HC-ET-09-07-18,,,Hemiptera,Gerridae,3,,SF+VG,2019-07-18,R_1 ,,
2018-07-09,HC,HC-ET-09-07-18,,,Diptera,Chironominidae,47,,SF+VG,2019-07-18,R_1 ,,
2018-07-09,HC,HC-ET-09-07-18,,,Coleoptera,Latridiidae,1,,SF+VG,2019-07-18,R_1 ,,
2018-07-09,HC,HC-ET-09-07-18,,,Coleoptera,Scolytidae,1,,SF+VG,2019-07-18,R_1 ,,
2018-07-09,HC,HC-ET-09-07-18,,,Trichoptera,Hydropsychidae,1,,SF+VG,2019-07-18,R_1 ,,
2018-07-09,HC,HC-ET-09-07-18,,,Hemiptera,Cicadellidae,1,,SF+VG,2019-07-18,R_1 ,,
2018-07-09,HC,HC-ET-09-07-18,,,Diptera,Psychodidae,1,,SF+VG,2019-07-18,R_1 ,,
2018-07-09,HC,HC-ET-09-07-18,,,Coleoptera,,1,disintegrated,SF+VG,2019-07-18,R_1 ,,
2018-07-09,HC,HC-ET-09-07-18,,,Collembola,,1,,SF+VG,2019-07-18,R_1 ,,
2018-07-09,HC,HC-ET-09-07-18,,,Diptera,Cecidomyiidae,1,,SF+VG,2019-07-18,R_1 ,,
2018-07-09,HC,HC-ET-09-07-18,,,Diptera,unk,1,,SF+VG,2019-07-18,R_1 ,,
2018-07-09,AT,AT-ET-09-07-18,,,Collembola,Lepidocyrtus,40,,SF+VG,2019-07-24,R_1 ,,
2018-07-09,AT,AT-ET-09-07-18,,,Diptera,Chironominidae,30,,SF+VG,2019-07-24,R_1 ,,
2018-07-09,AT,AT-ET-09-07-18,,,Acari,,2,,SF+VG,2019-07-24,R_1 ,,
2018-07-09,AT,AT-ET-09-07-18,,,Diptera,Ptychoteridae,1,,SF+VG,2019-07-24,R_1 ,,
2018-07-09,AT,AT-ET-09-07-18,,,Hymenoptera,Chalcidoidea,1,,SF+VG,2019-07-24,R_1 ,,
2018-07-12,AT,AT-ET-12.07.18,,,Diptera,Chironomidae,35,,Tommy,2018-12-03,R_1,,
2018-07-12,AT,AT-ET-12.07.18,,,Diptera,Brachycera,7,,Tommy,2018-12-03,R_1,,
2018-07-12,AT,AT-ET-12.07.18,,,Collembola,,26,,Tommy,2018-12-03,R_1,,
2018-07-12,AT,AT-ET-12.07.18,,,Diptera,Tipulidae,1,,Tommy,2018-12-03,R_1,,
2018-07-12,AT,AT-ET-12.07.18,AT-ET-12.07.18-S,,Diptera,Calliphoridae,2,,Jess,summer 2020,R_2,,
2018-07-12,AT,AT-ET-12.07.18,AT-ET-12.07.18-S,,Diptera,Chironomidae,11,,Jess,summer 2020,R_2,,
2018-07-12,AT,AT-ET-12.07.18,AT-ET-12.07.18-S,,Diptera,Sciomyzidae,1,,Jess,summer 2020,R_2,,
2018-07-12,AT,AT-ET-12.07.18,AT-ET-12.07.18-S,,Diptera,Dolichopodidae,2,,Jess,summer 2020,R_2,,
2018-07-12,AT,AT-ET-12.07.18,AT-ET-12.07.18-S,,Collembola,,41,Many in the sample,Jess,summer 2020,R_2,,
2018-07-12,AT,AT-ET-12.07.18,AT-ET-12.07.18-S,,Hymenoptera,Formicidae,1,,Jess,summer 2020,R_2,,
2018-07-12,AT,AT-ET-12.07.18,AT-ET-12.07.18-S,,Araneae,,1,,Jess,summer 2020,R_2,,
2018-07-12,AT,AT-ET-12.07.18,AT-ET-12.07.18-S,,Diptera,Chloropidae,1,,Jess,summer 2020,R_2,,
2018-07-12,EP4,EP4-ET-12.07.18,,,Diptera,Chironomidae,24,,Tommy,2018-12-03,R_1,,
2018-07-12,EP4,EP4-ET-12.07.18,,,Diptera,Brachycera,8,,Tommy,2018-12-03,R_1,,
2018-07-12,EP4,EP4-ET-12.07.18,,,Collembola,,8,,Tommy,2018-12-03,R_1,,
2018-07-12,EP4,EP4-ET-12.07.18,,,Hemiptera,Fulgoroidea,1,,Tommy,2018-12-03,R_1,,
2018-07-12,EP4,EP4-ET-12.07.18,EP4-ET-12.07.18-S,,Diptera,Chironomidae,19,,Jess,summer 2020,R_2,,
2018-07-12,EP4,EP4-ET-12.07.18,EP4-ET-12.07.18-S,,Araneae,,1,,Jess,summer 2020,R_2,,
2018-07-12,EP4,EP4-ET-12.07.18,EP4-ET-12.07.18-S,,Diptera,Chloropidae,8,,Jess,summer 2020,R_2,,
2018-07-12,EP4,EP4-ET-12.07.18,EP4-ET-12.07.18-S,,Diptera,Dolichopodidae,3,,Jess,summer 2020,R_2,,
2018-07-12,EP4,EP4-ET-12.07.18,EP4-ET-12.07.18-S,,Collembola,,1,,Jess,summer 2020,R_2,,
2018-07-12,HC,HC-ET-12.07.18,,,Diptera,Chironomidae,20,,Tommy,2018-03-12,R_1_nc,,
2018-07-12,HC,HC-ET-12.07.18,,,Diptera,Ceratopogonidae,1,,Tommy,2018-03-12,R_1_nc,,
2018-07-12,HC,HC-ET-12.07.18,,,Lepidoptera,Larvae,1,,Tommy,2018-03-12,R_1_nc,,
2018-07-12,HC,HC-ET-12.07.18,,,Coleoptera,Elateridae,1,,Tommy,2018-03-12,R_1_nc,,
2018-07-12,HC,HC-ET-12.07.18,,,Diptera,Brachycera,1,,Tommy,2018-03-12,R_1_nc,,
2018-07-12,HC,HC-ET-12.07.18,HC-ET-12.07.18-S,,Hemiptera,Gerridae,7,Many in sample,Jess,summer 2020,R_2,USE,
2018-07-12,HC,HC-ET-12.07.18,HC-ET-12.07.18-S,,Lepidoptera,Erebidae,1,,Jess,summer 2020,R_2,USE,
2018-07-12,HC,HC-ET-12.07.18,HC-ET-12.07.18-S,,Diptera,Chironomidae,35,,Jess,summer 2020,R_2,USE,
2018-07-16,AT,AT-ET-16.07.18,AT-ET-16.07.18-S,,Coleoptera,Coccinellidae,1,,Jess,16-06-2020,R_2,,
2018-07-16,AT,AT-ET-16.07.18,AT-ET-16.07.18-S,,Hemiptera,Gerridae,1,,Jess,16-06-2020,R_2,,
2018-07-16,AT,AT-ET-16.07.18,AT-ET-16.07.18-S,,Diptera,Sciomyzidae,2,,Jess,16-06-2020,R_2,,
2018-07-16,AT,AT-ET-16.07.18,AT-ET-16.07.18-S,,Diptera,Dolichopodidae,1,,Jess,16-06-2020,R_2,,
2018-07-16,AT,AT-ET-16.07.18,AT-ET-16.07.18-S,,Araneae,,2,,Jess,16-06-2020,R_2,,
2018-07-16,AT,AT-ET-16.07.18,AT-ET-16.07.18-S,,Diptera,Muscidae,1,,Jess,16-06-2020,R_2,,
2018-07-16,AT,AT-ET-16.07.18,AT-ET-16.07.18-S,,Diptera,Syrphidae,2,,Jess,16-06-2020,R_2,,
2018-07-16,AT,AT-ET-16.07.18,AT-ET-16.07.18-S,,Hemiptera,Cercopidae,1,,Jess,16-06-2020,R_2,,
2018-07-16,AT,AT-ET-16.07.18,AT-ET-16.07.18-S,,Diptera,Chironomidae,5,,Jess,16-06-2020,R_2,,
2018-07-16,AT,AT-ET-16.07.18,AT-ET-16.07.18-S,,Collembola,,10,,Jess,16-06-2020,R_2,,
2018-07-16,AT,AT-ET-16.07.18,AT-ET-16.07.18-S,,Diptera,Chloropidae,2,,Jess,16-06-2020,R_2,,
2018-07-16,HC,HC-ET-16.07.18,HC-ET-16.07.18-S,,Coleoptera,Elateridae,2,,Jess,02-07-2020,R_2,,
2018-07-16,HC,HC-ET-16.07.18,HC-ET-16.07.18-S,,Hemiptera,Gerridae,1,,Jess,02-07-2020,R_2,,
2018-07-16,HC,HC-ET-16.07.18,HC-ET-16.07.18-S,,Diptera,Chironomidae,16,,Jess,02-07-2020,R_2,,
2018-07-16,HC,HC-ET-16.07.18,HC-ET-16.07.18-S,,Diptera,Chloropidae,1,,Jess,02-07-2020,R_2,,
2018-07-16,HC,HC-ET-16.07.18,HC-ET-16.07.18-S,,Coleoptera,Latridiidae,1,,Jess,02-07-2020,R_2,,
2018-07-16,EP4,EP4-ET-16-07-18,,,Diptera,Chironomidae,29,,Jess,24-02-2020,R_1,,
2018-07-16,EP4,EP4-ET-16-07-18,,,Diptera,Dolichopodidae,1,,Jess,25-02-2020,R_1,,
2018-07-16,EP4,EP4-ET-16-07-18,,,Collembola,,10,,Jess,26-02-2020,R_1,,
2018-07-16,EP4,EP4-ET-16-07-18,,,Hymenoptera ,Chalcidoidea,1,,Jess,27-02-2020,R_1,,
2018-07-16,EP4,EP4-ET-16-07-18,,,Diptera,Milichiidae,1,,Jess,28-02-2020,R_1,,
2018-07-16,AT,AT-ET-16-07-18,,,Collembola,,29,~2 only heads,SF+VG,2019-07-11,R_1 ,,
2018-07-16,AT,AT-ET-16-07-18,,,Hemiptera,Fulgoroidea,1,,SF+VG,2019-07-11,R_1 ,,
2018-07-16,AT,AT-ET-16-07-18,,,Aranae,,3,,SF+VG,2019-07-11,R_1 ,,
2018-07-16,AT,AT-ET-16-07-18,,,Diptera,Chironominidae,18,,SF+VG,2019-07-11,R_1 ,,
2018-07-16,AT,AT-ET-16-07-18,,,Diptera,Tachinidae,1,,SF+VG,2019-07-11,R_1 ,,
2018-07-16,AT,AT-ET-16-07-18,,,Diptera,Dolichopodidae,1,,SF+VG,2019-07-11,R_1 ,,
2018-07-16,AT,AT-ET-16-07-18,,,Diptera,Sciomyzidae,4,,SF+VG,2019-07-11,R_1 ,,
2018-07-16,AT,AT-ET-16-07-18,,,Diptera,Prosophilidae,1,,SF+VG,2019-07-11,R_1 ,,
2018-07-16,AT,AT-ET-16-07-18,,,Diptera,Syrphidae,1,,SF+VG,2019-07-11,R_1 ,,
2018-07-16,AT,AT-ET-16-07-18,,,Diptera,Chloropidae,2,,SF+VG,2019-07-11,R_1 ,,
2018-07-16,AT,AT-ET-16-07-18,,,Coleoptera,Latridiidae,1,,SF+VG,2019-07-11,R_1 ,,
2018-07-16,AT,AT-ET-16-07-18,,,Diptera,Cecidomyiidae,2,,SF+VG,2019-07-11,R_1 ,,
2018-07-16,AT,AT-ET-16-07-18,,,Isopoda,,1,,SF+VG,2019-07-11,R_1 ,,
2018-07-16,AT,AT-ET-16-07-18,,,Acari,,1,,SF+VG,2019-07-11,R_1 ,,
2018-07-16,HC,HC-ET-16-07-18,,,Coleoptera,Ptilodactylidae,1,,SF+VG,2019-07-17,R_1 ,,
2018-07-16,HC,HC-ET-16-07-18,,,Diptera,Chironominidae,18,,SF+VG,2019-07-17,R_1 ,,
2018-07-16,HC,HC-ET-16-07-18,,,Diptera,Dolichopodidae,2,,SF+VG,2019-07-17,R_1 ,,
2018-07-16,HC,HC-ET-16-07-18,,,Psocoptera,Liposcelidae,1,,SF+VG,2019-07-17,R_1 ,,
2018-07-19,EP4,EP4-ET-19.07.18,EP4-ET-19.07.18-S,,Diptera,Chironomidae,5,,Jess,12-06-2020,R_2 ,"?? - FIND RAW DATA, IS THIS A SEPARATE REPLICATE?",
2018-07-19,AT,AT-ET-19.07.18,AT-ET-19.07.18-S,,Diptera,Chironomidae,1,,Jess,summer 2020,R_2 ,,
2018-07-19,AT,AT-ET-19.07.18,AT-ET-19.07.18-S,,Collembola,,1,,Jess,summer 2020,R_2 ,,
2018-07-19,AT,AT-ET-19.07.18,AT-ET-19.07.18-S,,Psocoptera,,1,,Jess,summer 2020,R_2 ,,
2018-07-19,AT,AT-ET-19.07.18,AT-ET-19.07.18-S,,Diptera,Muscidae,1,,Jess,summer 2020,R_2 ,,
2018-07-19,AT,AT-ET-19.07.18,AT-ET-19.07.18-S,,Hemiptera,Aphidae,1,,Jess,summer 2020,R_2 ,,
2018-07-19,AT,AT-ET-19.07.18,AT-ET-19.07.18-S,,Diptera,Lauxaniidae,1,,Jess,summer 2020,R_2 ,,
2018-07-19,EP4,EP4-ET-19.07.18,EP4-ET-19.07.18-S,,Hymenoptera,Sphecidae,1,Not 100% certain,Jess,12-06-2020,R_2,,
2018-07-19,EP4,EP4-ET-19.07.18,EP4-ET-19.07.18-S,,Diptera,Chironomidae,33,,Jess,12-06-2020,R_2,,
2018-07-19,EP4,EP4-ET-19.07.18,EP4-ET-19.07.18-S,,Collembola,,3,,Jess,12-06-2020,R_2,,
2018-07-19,EP4,EP4-ET-19.07.18,EP4-ET-19.07.18-S,,Diptera,Dolichopodidae,1,,Jess,12-06-2020,R_2,,
2018-07-19,HC,HC-ET-19.07.18,HC-ET-19.07.18-S,,Hemiptera,Gerridae,2,,Jess,summer 2020,R_2 ,,
2018-07-19,HC,HC-ET-19.07.18,HC-ET-19.07.18-S,,Diptera,Chironomidae,5,,Jess,summer 2020,R_2 ,,
2018-07-19,HC,HC-ET-19.07.18,HC-ET-19.07.18-S,,Hemiptera,Cercopidae,1,,Jess,summer 2020,R_2 ,,
2018-07-19,HC,HC-ET-19.07.18,HC-ET-19.07.18-S,,Araneae,,1,,Jess,summer 2020,R_2 ,,
2018-07-19,HC,HC-ET-19.07.18,HC-ET-19.07.18-S,,Diptera,Dolichopodidae,2,,Jess,summer 2020,R_2 ,,
2018-07-19,AT,AT-ET-19-07-18,,,Collembola,,17,,SF+VG,2019-07-24,R_1,,
2018-07-19,AT,AT-ET-19-07-18,,,Diptera,Chironominidae,4,,SF+VG,2019-07-24,R_1,,
2018-07-19,AT,AT-ET-19-07-18,,,Aranae,,1,,SF+VG,2019-07-24,R_1,,
2018-07-19,AT,AT-ET-19-07-18,,,Diptera,Fanniidae,1,,SF+VG,2019-07-24,R_1,,
2018-07-19,AT,AT-ET-19-07-18,,,Diptera,Xylomyidae,1,,SF+VG,2019-07-24,R_1,,
2018-07-19,AT,AT-ET-19-07-18,,,Diptera,Muscidae,1,,SF+VG,2019-07-24,R_1,,
2018-07-19,AT,AT-ET-19-07-18,,,Diptera,Cecidomyiidae,1,,SF+VG,2019-07-24,R_1,,
2018-07-19,AT,AT-ET-19-07-18,,,Hemiptera,,1,too small,SF+VG,2019-07-24,R_1,,
2018-07-19,HC,HC-ET-19-07-18,,,Diptera,Chironominidae,10,other families present in vial (what does this mean?) ,SF+VG,2019-07-24,R_1,,
2018-07-19,EP4,EP4-ET-19-07-18,,,Diptera,Chironominidae,40,,SF+VG,2018-07-18,R_1,,
2018-07-19,EP4,EP4-ET-19-07-18,,,Aranae,,1,,SF+VG,2018-07-18,R_1,,
2018-07-19,EP4,EP4-ET-19-07-18,,,Hemiptera,Cicadellidae,1,,SF+VG,2018-07-18,R_1,,
2018-07-19,EP4,EP4-ET-19-07-18,,,Diptera,Dolichopodidae,2,,SF+VG,2018-07-18,R_1,,
2018-07-19,EP4,EP4-ET-19-07-18,,,Collembola,Lepidocyrtus,1,,SF+VG,2018-07-18,R_1,,
2018-07-19,EP4,EP4-ET-19-07-18,,,Thysanoptera ,Thripidae,2,,SF+VG,2018-07-18,R_1,,
2018-07-19,EP4,EP4-ET-19-07-18,,,Diptera,Fanniidae,1,,SF+VG,2018-07-18,R_1,,
2018-07-19,EP4,EP4-ET-19-07-18,,,Psocoptera,Lachesilidae,1,,SF+VG,2018-07-18,R_1,,
2018-07-23,AT,AT-ET-23-07-18,,,Arachnida,,1,tick on underside of tipulid,Jess,2019-11-18,R_1,,
2018-07-23,AT,AT-ET-23-07-18,,,Diptera,Tipulidae,2,,Jess,2019-11-18,R_1,,
2018-07-23,AT,AT-ET-23-07-18,,,Diptera,Dolichopodidae,1,,Jess,2019-11-18,R_1,,
2018-07-23,AT,AT-ET-23-07-18,,,Diptera,Fannidae,1,,Jess,2019-11-18,R_1,,
2018-07-23,AT,AT-ET-23-07-18,,,Diptera,Calliphoridae,2,,Jess,2019-11-18,R_1,,
2018-07-23,AT,AT-ET-23-07-18,,,Coleoptera,Curculionidae,1,,Jess,2019-11-18,R_1,,
2018-07-26,AT,AT-ET-26-07-18,,,Diptera,Syrphidae,1,,Jess,2019-11-28,R_1,,
2018-07-26,AT,AT-ET-26-07-18,,,Diptera,Calliphoridae,2,,Jess,2019-11-28,R_1,,
2018-07-26,AT,AT-ET-26-07-18,,,Coleoptera,Staphylinidae,2,,Jess,2019-11-28,R_1,,
2018-07-26,AT,AT-ET-26-07-18,,,Diptera,Chironominidae,2,,Jess,2019-11-28,R_1,,
2018-07-26,AT,AT-ET-26-07-18,,,Diptera,Tipulidae,1,,Jess,2019-11-28,R_1,,
2018-07-26,AT,AT-ET-26-07-18,,,Collembola,,14,,Jess,2019-11-28,R_1,,
2018-07-26,AT,AT-ET-26-07-18,,,Diptera,Milichiidae,1,,Jess,2019-11-28,R_1,,
2018-07-26,AT,AT-ET-26-07-18,,,Diptera,Dolichopodidae,4,,Jess,2019-11-28,R_1,,
2018-07-23,EP4,EP4-ET-23-07-18,,,Diptera,Chironomidae,41,,Jess,2020-02-10,R_1,,
2018-07-23,EP4,EP4-ET-23-07-18,,,Hymenoptera,Ichneumonidae,1,,Jess,2020-02-10,R_1,,
2018-07-23,EP4,EP4-ET-23-07-18,,,Collembola,,2,,Jess,2020-02-10,R_1,,
2018-07-23,EP4,EP4-ET-23-07-18,,,Diptera,Piophilidae,2,"headless, ID based on wing venation + tibiae",Jess,2020-02-10,R_1,,
2018-07-23,EP4,EP4-ET-23-07-18,,,Diptera,Curtonotidae,1,headless,Jess,2020-02-10,R_1,,
2018-07-23,EP4,EP4-ET-23-07-18,,,Arachnida,,1,,Jess,2020-02-10,R_1,,
2018-07-23,EP4,EP4-ET-23-07-18,,,Coleoptera,Coccinellidae,1,,Jess,2020-02-10,R_1,,
2018-07-23,HC,HC-ET-23.07.18,HC-ET-23.07.18-S,,Araneae,,1,,Jess,summer 2020,R_1,,
2018-07-23,HC,HC-ET-23.07.18,HC-ET-23.07.18-S,,Hemiptera,Gerridae,1,,Jess,summer 2020,R_1,,
2018-07-23,HC,HC-ET-23.07.18,HC-ET-23.07.18-S,,Diptera,Chironomidae,3,,Jess,summer 2020,R_1,,
2018-07-23,HC,HC-ET-23.07.18,HC-ET-23.07.18-S,,Diptera,Dolichopodidae,1,,Jess,summer 2020,R_1,,
2018-07-26,EP4,EP-4-ET-26-07-18,,,Hemiptera,Cicadellidae,1,,Jess,2020-02-03,R_1,,
2018-07-26,EP4,EP-4-ET-26-07-18,,,Diptera,Chironomidae,3,,Jess,2020-02-04,R_1,,
2018-07-26,EP4,EP-4-ET-26-07-18,,,Diptera,Dolichopodidae,1,,Jess,2020-02-04,R_1,,
2018-07-26,EP4,EP-4-ET-26-07-18,,,Diptera,Ulidiidae,1,,Jess,2020-02-04,R_1,,
2018-07-26,EP4,EP-4-ET-26-07-18,,,Arachnida,,1,,Jess,2020-02-04,R_1,,
2018-07-26,EP4,EP-4-ET-26-07-18,,,Diptera,Sarcophagidae,1,,Jess,2020-02-04,R_1,,
2018-07-26,EP4,EP-4-ET-26-07-18,,,Hemiptera,Reduviidae,1,,Jess,2020-02-04,R_1,,
2018-07-26,EP4,EP-4-ET-26-07-18,,,Hymenoptera,Ichneumonidae,3,,Jess,2020-02-04,R_1,,
2018-07-26,HC,HC-ET-26.07.18,HC-ET-26.07.18-S,,Hemiptera,Gerridae,1,,Jess,summer 2020,R_1,,
2018-07-26,HC,HC-ET-26.07.18,HC-ET-26.07.18-S,,Hemiptera,Cicadellidae,1,,Jess,summer 2020,R_1,,
2018-07-26,HC,HC-ET-26.07.18,HC-ET-26.07.18-S,,Coleoptera,Curculionidae,1,,Jess,summer 2020,R_1,,
2018-07-26,HC,HC-ET-26.07.18,HC-ET-26.07.18-S,,Coleoptera,Staphylinidae,1,,Jess,summer 2020,R_1,,
2018-07-26,HC,HC-ET-26.07.18,HC-ET-26.07.18-S,,Coleoptera,Hydrophilidae,1,,Jess,summer 2020,R_1,,
2018-07-26,HC,HC-ET-26.07.18,HC-ET-26.07.18-S,,Diptera,Chironomidae,3,,Jess,summer 2020,R_1,,
2018-07-30,AT,AT-ET-30-07-18,,,Diptera,Heleomyzidae,1,,Jess,2020-01-08,R_1 ,,
2018-07-30,AT,AT-ET-30-07-18,,,Diptera,Chironomidae,3,,Jess,2020-01-08,R_1 ,,
2018-07-30,AT,AT-ET-30-07-18,,,Coleoptera,Staphylinidae,1,,Jess,2020-01-08,R_1 ,,
2018-07-30,AT,AT-ET-30-07-18,,,Collembola,,NR,,Jess,2020-01-08,R_1 ,,
2018-07-30,EP4,EP4-ET-30-07-18,,,Diptera,Chironomidae,1,,Jess,2020-02-03,R_1 ,,
2018-07-30,EP4,EP4-ET-30-07-18,,,Diptera,Dolichopodidae,1,,Jess,2020-02-03,R_1 ,,
2018-07-30,EP4,EP4-ET-30-07-18,,,Trichoptera,Molanidae,1,,Jess,2020-02-03,R_1 ,,
2018-07-30,HC,HC-ET-30.07.18,HC-ET-30.07.18-S,,Hemiptera,Gerridae,2,,Jess,Summer 2020,R_1,,
2018-07-30,HC,HC-ET-30.07.18,HC-ET-30.07.18-S,,Araneae,,1,,Jess,Summer 2021,R_1,,
2018-08-02,AT,AT-ET-02-08-18,,,Coleoptera,Scolytidae,1,,Jess,2020-08-01,R_1 ,,
2018-08-02,AT,AT-ET-02-08-18,,,Diptera,Polichopididae,2,,Jess,2020-08-01,R_1 ,,
2018-08-02,AT,AT-ET-02-08-18,,,Diptera,Chironomidae,1,,Jess,2020-08-01,R_1 ,,
2018-08-02,AT,AT-ET-02-08-18,,,Collembola,,4,,Jess,2020-08-01,R_1 ,,
2018-08-02,EP4,EP4-ET-02-08-18,,,Hemiptera,Cicadellidae,1,,Jess,2020-02-03,R_1,,
2018-08-02,EP4,EP4-ET-02-08-18,,,Orthoptera,Acrididae,1,,Jess,2020-02-03,R_1,,
2018-08-02,EP4,EP4-ET-02-08-18,,,Diptera,Chironomidae,8,,Jess,2020-02-03,R_1,,
2018-08-02,EP4,EP4-ET-02-08-18,,,Collembola,,1,,Jess,2020-02-03,R_1,,
2018-08-02,EP4,EP4-ET-02-08-18,,,Diptera,Lauxaniidae,1,,Jess,2020-02-03,R_1,,
2018-08-02,HC,HC-ET-02.08.18,HC-ET-02.08.18-S,,Araneae,,1,,Jess,summer 2020,R_1,,
2018-08-02,HC,HC-ET-02.08.18,HC-ET-02.08.18-S,,Trichoptera,Hydropsychidae,1,,Jess,summer 2020,R_1,,
2018-08-02,HC,HC-ET-02.08.18,HC-ET-02.08.18-S,,Hemiptera,Cercopidae,1,,Jess,summer 2020,R_1,,
2018-08-02,HC,HC-ET-02.08.18,HC-ET-02.08.18-S,,Diptera,Chironomidae,6,,Jess,summer 2020,R_1,,
2018-08-02,HC,HC-ET-02.08.18,HC-ET-02.08.18-S,,Diptera,Dolichopodidae,1,,Jess,summer 2020,R_1,,
2018-08-06,AT,AT-ET-06-08-18,,,Diptera,Scolytidae,1,,Jess,2020-01-08,R_1,,
2018-08-06,AT,AT-ET-06-08-18,,,Diptera,Tipulidae,1,,Jess,2020-01-08,R_1,,
2018-08-06,AT,AT-ET-06-08-18,,,Diptera,Chironomidae,1,,Jess,2020-01-08,R_1,,
2018-08-06,AT,AT-ET-06-08-18,,,Diptera,Piophilidae,1,,Jess,2020-01-08,R_1,,
2018-08-06,AT,AT-ET-06-08-18,,,Collembola,,3,,Jess,2020-01-13,R_1,,
2018-08-06,AT,AT-ET-06-08-18,,,Odonata,Lestidae,1,,Jess,2020-01-13,R_1,,
2018-08-06,AT,AT-ET-06-08-18,,,Diptera,Ceridomyiidae,2,,Jess,2020-01-13,R_1,,
2018-08-06,AT,AT-ET-06-08-18,,,Coleoptera,Curculionidae,1,,Jess,2020-01-13,R_1,,
2018-08-06,EP4,EP4-ET-06-08-18,,,Trichoptera,Molanidae,1,,Jess,2020-01-28,R_1,,
2018-08-06,EP4,EP4-ET-06-08-18,,,Lepidoptera,Noctuidae,1,,Jess,2020-01-28,R_1,,
2018-08-06,EP4,EP4-ET-06-08-18,,,Collembola,,1,,Jess,2020-01-28,R_1,,
2018-08-06,EP4,EP4-ET-06-08-18,,,Diptera,Dolichopodidae,1,,Jess,2020-01-28,R_1,,
2018-08-06,HC,HC-ET-06.08.18,HC-ET-06.08.18-S,,Araneae,,3,,Jess,summer 2020,R_1,,
2018-08-06,HC,HC-ET-06.08.18,HC-ET-06.08.18-S,,Diptera,Chironomidae,12,,Jess,summer 2020,R_1,,
2018-08-06,HC,HC-ET-06.08.18,HC-ET-06.08.18-S,,Diptera,Sarcophagidae,1,,Jess,summer 2020,R_1,,
2018-08-06,HC,HC-ET-06.08.18,HC-ET-06.08.18-S,,Hemiptera,Miridae,1,,Jess,summer 2020,R_1,,
2018-08-06,HC,HC-ET-06.08.18,HC-ET-06.08.18-S,,Hymenoptera,Formicidae,1,,Jess,summer 2020,R_1,,
2018-08-09,AT,AT-ET-09-08-18,,,Coleoptera,Curculionidae,1,,Jess,2020-01-13,R_1,,
2018-08-09,AT,AT-ET-09-08-18,,,Diptera,Dolichopodidae,1,,Jess,2020-01-13,R_1,,
2018-08-09,AT,AT-ET-09-08-18,,,Diptera,Chironomidae,1,,Jess,2020-01-13,R_1,,
2018-08-09,EP4,EP4-ET-09-08-18,,,Diptera,Chironomidae,2,,Jess,2018-08-09,R_1,,
2018-08-09,EP4,EP4-ET-09-08-18,,,Arachnida,,1,,Jess,2018-08-09,R_1,,
2018-08-09,HC,HC-ET-09.08.18,HC-ET-09.08.18-S,,Hemiptera,Cercopidae,1,,Jess,summer 2020,R_1,,
2018-08-09,HC,HC-ET-09.08.18,HC-ET-09.08.18-S,,Diptera,Chironomidae,3,,Jess,summer 2020,R_1,,
2018-08-09,HC,HC-ET-09.08.18,HC-ET-09.08.18-S,,Collembola,,1,,Jess,summer 2020,R_1,,
2018-08-09,HC,HC-ET-09.08.18,HC-ET-09.08.18-S,,Diptera,Empididae,1,,Jess,summer 2020,R_1,,
2018-08-13,AT,AT-ET-13-08-18,,,Diptera,Calliphoridae,1,,Jess,2020-01-15,R_1,,
2018-08-13,AT,AT-ET-13-08-18,,,Collembola,,4,,Jess,2020-01-13,R_1,,
2018-08-13,AT,AT-ET-13-08-18,,,Diptera,Chironomidae,2,,Jess,2020-01-13,R_1,,
2018-08-13,AT,AT-ET-13-08-18,,,Hemiptera,Aphidae,1,,Jess,2020-01-13,R_1,,
2018-08-13,AT,AT-ET-13-08-18,,,Coleoptera,Chrysomelidae,1,,Jess,2020-01-13,R_1,,
2018-08-13,EP4,EP4-ET-13-08-18,,,Diptera,Chironomidae,4,,Jess,2020-01-27,R_1,,
2018-08-13,EP4,EP4-ET-13-08-18,,,Diptera,Tipulidae,1,,Jess,2020-01-27,R_1,,
2018-08-13,EP4,EP4-ET-13-08-18,,,Trichoptera,Molanidae,2,,Jess,2020-01-27,R_1,,
2018-08-13,EP4,EP4-ET-13-08-18,,,Hemiptera,Cicadellidae,1,,Jess,2020-01-27,R_1,,
2018-08-13,HC,HC-ET-13.08.18,HC-ET-13.08.18-S,,Diptera,Syrphidae,2,,Jess,summer 2020,R_1,,
2018-08-13,HC,HC-ET-13.08.18,HC-ET-13.08.18-S,,Diptera,Chironomidae,4,,Jess,summer 2020,R_1,,
2018-08-13,HC,HC-ET-13.08.18,HC-ET-13.08.18-S,,Collembola,,1,,Jess,summer 2020,R_1,,
2018-08-16,AT,AT-ET-16-08-18,,,Coleoptera,Scolytidae,1,,Jess,2020-01-13,R_1,,
2018-08-16,AT,AT-ET-16-08-18,,,Diptera,Dolichopodidae,2,,Jess,2020-01-13,R_1,,
2018-08-16,AT,AT-ET-16-08-18,,,Coleoptera,Curculionidae,1,,Jess,2020-01-13,R_1,,
2018-08-16,AT,AT-ET-16-08-18,,,Diptera,Chironomidae,2,,Jess,2020-01-13,R_1,,
2018-08-16,AT,AT-ET-16-08-18,,,Collembola,,2,,Jess,2020-01-13,R_1,,
2018-08-16,EP4,EP4-ET-16-08-18,,,Diptera,Chironomidae,29,,Jess,2020-01-27,R_1,,
2018-08-16,EP4,EP4-ET-16-08-18,,,Trichoptera,Mollanidae,4,,Jess,2020-01-27,R_1,,
2018-08-16,HC,HC-ET-16.08.18,HC-ET-16.08.18-S,,Diptera,Syrphidae,2,,Jess,summer 2020,R_1,,
2018-08-16,HC,HC-ET-16.08.18,HC-ET-16.08.18-S,,Trichoptera,Hydroptilidae,1,,Jess,summer 2020,R_1,,
2018-08-16,HC,HC-ET-16.08.18,HC-ET-16.08.18-S,,Diptera,Chironomidae,12,,Jess,summer 2020,R_1,,
2018-08-16,HC,HC-ET-16.08.18,HC-ET-16.08.18-S,,Collembola,,1,,Jess,summer 2020,R_1,,
2018-08-20,AT,AT-ET-20.08.18,,,Diptera,Chironomidae,3,,Tommy,2018-12-03,R_1,,
2018-08-20,AT,AT-ET-20.08.18,,,Odonata,Coenagrionidae,1,,Tommy,2018-12-03,R_1,,
2018-08-20,AT,AT-ET-20.08.18,,,Diptera,Brachycera,1,,Tommy,2018-12-03,R_1,,
2018-08-20,AT,AT-ET-20.08.18,AT-ET-20.08.18-S,AT-ET-20.08.18-S-1,Diptera,Chironomidae,1,,Reilly,summer 2020,R_2,,
2018-08-20,AT,AT-ET-20.08.18,AT-ET-20.08.18-S,AT-ET-20.08.18-S-2,Diptera,Simulidae,1,,Reilly,summer 2020,R_2,,
2018-08-20,AT,AT-ET-20.08.18,AT-ET-20.08.18-S,AT-ET-20.08.18-S-3,Diptera,Dolichphodidae,1,,Reilly,summer 2020,R_2,,
2018-08-20,AT,AT-ET-20.08.18,AT-ET-20.08.18-S,AT-ET-20.08.18-S-4,Diptera,Calyptrate,1,,Reilly,summer 2020,R_2,,
2018-08-20,EP4,EP4-ET-20.08.18,,,Diptera,Chironomidae,43,,Tommy,2018-12-03,R_1,,
2018-08-20,EP4,EP4-ET-20.08.18,,,Hymenoptera,Pompilidae,1,,Tommy,2018-12-03,R_1,,
2018-08-20,EP4,EP4-ET-20.08.18,,,Gastropoda,,1,,Tommy,2018-12-03,R_1,,
2018-08-20,EP4,EP4-ET-20.08.18,,,Diptera,Brachycera,2,,Tommy,2018-12-03,R_1,,
2018-08-20,EP4,EP4-ET-20.08.18,,,Trichoptera,Hydropsychidae,2,,Tommy,2018-12-03,R_1,,
2018-08-20,EP4,EP4-ET-20.08.18,EP4-ET-20.08.18-S,,Hemiptera,Cercopidae,1,,Jess,Summer 2020,R_2,,
2018-08-20,EP4,EP4-ET-20.08.18,EP4-ET-20.08.18-S,,Araneae,,1,,Jess,Summer 2020,R_2,,
2018-08-20,EP4,EP4-ET-20.08.18,EP4-ET-20.08.18-S,,Gastropoda,,1,,Jess,Summer 2020,R_2,,
2018-08-20,EP4,EP4-ET-20.08.18,EP4-ET-20.08.18-S,,Ephemeroptera,Baetidae,2,,Jess,Summer 2020,R_2,,
2018-08-20,EP4,EP4-ET-20.08.18,EP4-ET-20.08.18-S,,Diptera,Chironomidae,16,,Jess,Summer 2020,R_2,,
2018-08-20,EP4,EP4-ET-20.08.18,EP4-ET-20.08.18-S,,Hymenoptera,Vespidae,1,,Jess,Summer 2020,R_2,,
2018-08-20,EP4,EP4-ET-20.08.18,EP4-ET-20.08.18-S,,Trichoptera,Hydropsychidae,1,,Jess,Summer 2020,R_2,,
2018-08-20,EP4,EP4-ET-20.08.18,EP4-ET-20.08.18-S,,Diptera,Psychodidae,1,,Jess,Summer 2020,R_2,,
2018-08-20,EP4,EP4-ET-20.08.18,EP4-ET-20.08.18-S,,Collembola,,1,,Jess,Summer 2020,R_2,,
2018-08-20,HC,HC-ET-20.08.18,,,Diptera,Chironomidae,12,,Tommy,2018-12-03,R_1,,
2018-08-20,HC,HC-ET-20.08.18,,,Trichoptera,Hydropsychidae,1,,Tommy,2018-12-03,R_1,,
2018-08-20,HC,HC-ET-20.08.18,,,Hemiptera,Cicadellidae,1,,Tommy,2018-12-03,R_1,,
2018-08-20,HC,HC-ET-20.08.18,HC-ET-20.08.18-S,,Trichoptera,Psychomyiidae,2,,Jess,summer 2020,R_2,,
2018-08-20,HC,HC-ET-20.08.18,HC-ET-20.08.18-S,,Coleoptera,Curculionidae,1,,Jess,summer 2020,R_2,,
2018-08-20,HC,HC-ET-20.08.18,HC-ET-20.08.18-S,,Hemiptera,Cercopidae,1,,Jess,summer 2020,R_2,,
2018-08-20,HC,HC-ET-20.08.18,HC-ET-20.08.18-S,,Diptera,Chironomidae,4,,Jess,summer 2020,R_2,,
2018-08-23,EP4,EP4-ET-23-08-18,,,Diptera,Chironomidae,55,,Jess,2020-01-22,R_1,,
2018-08-23,EP4,EP4-ET-23-08-18,,,Arachnida,,1,,Jess,2020-01-22,R_1,,
2018-08-23,EP4,EP4-ET-23-08-18,,,Collembola,,1,,Jess,2020-01-22,R_1,,
2018-08-23,AT,AT-ET-23.08.18,N/A,,n/a,n/a,0,EMPTY VIAL,Jess,Summer 2020,R_1,,
2018-08-23,HC,HC-ET-23.08.18,,,Diptera,Chironomidae,7,,Tommy,2018-12-03,R_1,,
2018-08-23,HC,HC-ET-23.08.18,,,Collembola,,2,,,2018-12-03,R_1,,
2018-08-23,HC,HC-ET-23.08.18,,,Orthroptera,Tettiigoniidae,1,,,2018-12-03,R_1,,
2018-08-23,HC,HC-ET-23.08.18,HC-ET-23.08.18-S,,Trichoptera,Psychomyiidae,1,,Jess,summer 2020,R_2,,
2018-08-23,HC,HC-ET-23.08.18,HC-ET-23.08.18-S,,Psocoptera,,1,,Jess,summer 2020,R_2,,
2018-08-23,HC,HC-ET-23.08.18,HC-ET-23.08.18-S,,Collembola,,1,,Jess,summer 2020,R_2,,
2018-08-23,HC,HC-ET-23.08.18,HC-ET-23.08.18-S,,Hemiptera,Cercopidae,1,,Jess,summer 2020,R_2,,
2018-08-23,HC,HC-ET-23.08.18,HC-ET-23.08.18-S,,Diptera,Dolichopodidae,1,,Jess,summer 2020,R_2,,
2018-08-23,HC,HC-ET-23.08.18,HC-ET-23.08.18-S,,Diptera,Chironomidae,5,,Jess,summer 2020,R_2,,
2018-08-23,HC,HC-ET-23.08.18,HC-ET-23.08.18-S,,Coleoptera,Hydrophilidae,1,,Jess,summer 2020,R_2,,
2018-08-27,AT,AT-ET-27.08.18,AT-ET-27.08.18-S,,Diptera,Chironomidae,1,,Jess,summer 2020,R_1,,
2018-08-27,AT,AT-ET-27.08.18,AT-ET-27.08.18-S,,Diptera,Calliphoridae,1,,Jess,summer 2020,R_1,,
2018-08-27,EP4,EP4-ET-27-08-18,,,Gastropoda,,2,,Jess,2020-01-20,R_1,,
2018-08-27,EP4,EP4-ET-27-08-18,,,Diptera,Chironomidae,71,,Jess,2020-01-20,R_1,,
2018-08-27,EP4,EP4-ET-27-08-18,,,Hemiptera,Flatidae,1,,Jess,2020-01-20,R_1,,
2018-08-27,EP4,EP4-ET-27-08-18,,,Trichoptera,Mollanidae,5,,Jess,2020-01-22,R_1,,
2018-08-27,EP4,EP4-ET-27-08-18,,,Trichoptera,Hydropsychidae,1,,Jess,2020-01-22,R_1,,
2018-08-27,EP4,EP4-ET-27-08-18,,,Diptera,Dolichopodidae,1,,Jess,2020-01-22,R_1,,
2018-08-27,EP4,EP4-ET-27-08-18,,,Ephemeroptera,Baetidae,1,unsure of family,Jess,2020-01-22,R_1,,
2018-08-27,HC,HC-ET-27.08.18,HC-ET-27.08.18-S,,Araneae,,1,,Jess,Summer 2020,R_1,,
2018-08-27,HC,HC-ET-27.08.18,HC-ET-27.08.18-S,,Trichoptera,Psychomyiidae,1,,Jess,Summer 2020,R_1,,
2018-08-30,AT,AT-ET-30.08.18,,,Diptera,Chironomidae,1,,Tommy,2018-12-03,R_1,,
2018-08-30,AT,AT-ET-30.08.18,AT-ET-30.08.18-S,AT-ET-30.08.18-S-1,Diptera,Chironomidae,1,,Jess,summer 2020,R_2,,
2018-08-30,EP4,EP4-ET-30.08.18,,,Diptera,Chironomidae,114,,Tommy,2018-12-03,R_1,,
2018-08-30,EP4,EP4-ET-30.08.18,,,Trichoptera,Hydropsychidae,1,,Tommy,2018-12-03,R_1,,
2018-08-30,EP4,EP4-ET-30.08.18,EP4-ET-30.08.18-S,,Hymenoptera,Vespidae,1,,Jess,summer 2020,R_2,,
2018-08-30,EP4,EP4-ET-30.08.18,EP4-ET-30.08.18-S,,Diptera,Chironomidae,84,,Jess,summer 2020,R_2,,
2018-08-30,EP4,EP4-ET-30.08.18,EP4-ET-30.08.18-S,,Ephemeroptera,Baetidae,2,,Jess,summer 2020,R_2,,
2018-08-30,EP4,EP4-ET-30.08.18,EP4-ET-30.08.18-S,,Hemiptera,Reduviidae,1,,Jess,summer 2020,R_2,,
2018-08-30,EP4,EP4-ET-30.08.18,EP4-ET-30.08.18-S,,Trichoptera,Psychomyiidae,2,,Jess,summer 2020,R_2,,
2018-08-30,EP4,EP4-ET-30.08.18,EP4-ET-30.08.18-S,,Coleoptera,Chrysomelidae,1,,Jess,summer 2020,R_2,,
2018-08-30,HC,HC-ET-30.08.18,,,Diptera,Brachycera,2,,Tommy,2018-12-03,R_1,,
2018-08-30,HC,HC-ET-30.08.18,,,Diptera,Chironomidae,1,,Tommy,2018-12-03,R_1,,
2018-08-30,HC,HC-ET-30.08.18,HC-ET-30.08.18-S,,Diptera,Chironomidae,2,,Jess,summer 2020,R_2,,
2018-08-30,HC,HC-ET-30.08.18,HC-ET-30.08.18-S,,Coleoptera,Anobiidae,1,,Jess,summer 2020,R_2,,
2018-08-30,HC,HC-ET-30.08.18,HC-ET-30.08.18-S,,Diptera,Fanniidae,1,,Jess,summer 2020,R_2,,
2018-09-03,EP4,EP4-ET-03-09-18,,,Diptera,Chironomidae,134,,Jess,2020-01-20,R_1,,
2018-09-03,EP4,EP4-ET-03-09-18,,,Trichoptera,Hydropsychidae,2,,Jess,2020-01-20,R_1,,
2018-09-03,HC,HC-ET-03.09.18,HC-ET-03.09.18-S,,Hemiptera,Pentatomidae,1,,Jess,summer 2020,R_1,,
2018-09-03,HC,HC-ET-03.09.18,HC-ET-03.09.18-S,,Hemiptera,Gerridae,1,,Jess,summer 2020,R_1,,
2018-09-03,HC,HC-ET-03.09.18,HC-ET-03.09.18-S,,Diptera,Chironomidae,7,,Jess,summer 2020,R_1,,
2018-09-03,HC,HC-ET-03.09.18,HC-ET-03.09.18-S,,Coleoptera,Latridiidae,1,,Jess,summer 2020,R_1,,
2018-09-03,HC,HC-ET-03.09.18,HC-ET-03.09.18-S,,Hemiptera,Cercopidae,2,,Jess,summer 2020,R_1,,
2018-09-03,HC,HC-ET-03.09.18,HC-ET-03.09.18-S,,Diptera,Dolichopodidae,1,,Jess,summer 2020,R_1,,
2018-09-06,AT,AT-ET-06.09.18,AT-ET-06.09.18-S,,Araneae,,2,,Jess,summer 2020,R_1,,
2018-09-06,AT,AT-ET-06.09.18,AT-ET-06.09.18-S,,Hymenoptera,Proctotrupidae,1,,Jess,summer 2020,R_1,,
2018-09-06,AT,AT-ET-06.09.18,AT-ET-06.09.18-S,,Diptera,Chironomidae,3,,Jess,summer 2020,R_1,,
2018-09-06,AT,AT-ET-06.09.18,AT-ET-06.09.18-S,,Diptera,Dolichopodidae,1,,Jess,summer 2020,R_1,,
2018-09-06,AT,AT-ET-06.09.18,AT-ET-06.09.18-S,,Hymenoptera,Vespidae,1,,Jess,summer 2020,R_1,,
2018-09-06,EP4,EP4-ET-06-09-18,,,Diptera,Chironomidae,64,,Jess,2020-01-15,R_1,,
2018-09-06,EP4,EP4-ET-06-09-18,,,Arachnida,,1,,Jess,2020-01-16,R_1,,
2018-09-06,EP4,EP4-ET-06-09-18,,,Hemiptera,Aphididae,1,,Jess,2020-01-17,R_1,,
2018-09-06,HC,HC-ET-06.09.18,HC-ET-06.09.18-S,,Araneae,,1,,Jess,summer 2020,R_1,,
2018-09-06,HC,HC-ET-06.09.18,HC-ET-06.09.18-S,,Diptera,Chironomidae,4,,Jess,summer 2020,R_1,,
2018-09-10,AT,AT-ET-10.09.18,AT-ET-10.09.18-S,,Diptera,Chironomidae,1,,Jess,summer 2020,R_1,,
2018-09-10,AT,AT-ET-10.09.18,AT-ET-10.09.18-S,,Diptera,Dryomyzidae,1,,Jess,summer 2020,R_1,,
2018-09-10,EP4,EP4-ET-10.09.18,EP4-ET-10.09.18-S,,Diptera,Chironomidae,81,,Jess,summer 2020,R_1,,
2018-09-10,HC,HC-ET-10.09.18,HC-ET-10.09.18-S,,Diptera,Chironomidae,2,,Jess,summer 2020,R_1,,
2018-09-10,HC,HC-ET-10.09.18,HC-ET-10.09.18-S,,Diptera,*,1,"*unidentified, placed in seperate labelled vial (""HC-ET-10.09.18-S unidentified"")",Jess,summer 2020,R_1,,
2018-09-10,HC,HC-ET-10.09.18,HC-ET-10.09.18-S,,Hemiptera,Cercopidae,1,,Jess,summer 2020,R_1,,
2018-09-13,AT,AT-ET-13-09-18,AT-ET-13-09-18-S,,Diptera,Chironomidae,6,1 badly damaged,,2020-06-04,R_1,,
2018-09-13,AT,AT-ET-13-09-19,AT-ET-13-09-18-S,,Coleoptera,Staphylinidae,1,,,2020-06-04,R_1,,
2018-09-13,HC,HC-ET-13.09.18,HC-ET-13.09.18-S,,Diptera,Chironomidae,5,,Jess,summer 2020,R_1,,
2018-09-13,HC,HC-ET-13.09.18,HC-ET-13.09.18-S,,Hemiptera,Cicadellidae,1,,Jess,summer 2020,R_1,,
2018-09-17,AT,AT-ET-17.09.18,,,Diptera,Chironomidae,0,,Tommy,2018-12-03,R_1,,
2018-09-17,AT,AT-ET-17.09.18,AT-ET-17.09.18-S,AT-ET-17.09.18-S-1,Aranae,,1,,Reilly,summer 2020,R_2,,
2018-09-17,AT,AT-ET-17.09.18,AT-ET-17.09.18-S,AT-ET-17.09.18-S-2,Diptera,Chironomidae,1,,Reilly,summer 2020,R_2,,
2018-09-17,AT,AT-ET-17.09.18,AT-ET-17.09.18-S,AT-ET-17.09.18-S-3,Diptera,Epididae,1,Not 100% certain of this ID… definitely brachycera,Reilly,summer 2020,R_2,,
2018-09-17,EP4,EP4-ET-17.09.18,,,Diptera,Chironomidae,51,,Tommy,2018-12-03,R_1,,
2018-09-17,EP4,EP4-ET-17.09.18,EP4-ET-17.09.18-S,,Orthoptera,Tetrigidae,1,,Jess,Summer 2020,R_2,,
2018-09-17,EP4,EP4-ET-17.09.18,EP4-ET-17.09.18-S,,Diptera,Chironomidae,64,,Jess,Summer 2020,R_2,,
2018-09-17,HC,HC-ET-17.09.18,,,Diptera,Chironomidae,2,,Tommy,2018-12-03,R_1,,
2018-09-17,HC,HC-ET-17.09.18,HC-ET-17.09.18-S,,Diptera,Chironomidae,7,,Jess,summer 2020,R_2,,
2018-09-17,HC,HC-ET-17.09.18,HC-ET-17.09.18-S,,Trichoptera,,1,unable to ID to family because head and prothorax were cut off ,Jess,summer 2020,R_2,,
2018-09-20,AT,AT-ET-20.09.18,AT-ET-20.09.18-S,,Diptera,Chironomidae,2,,Jess,Summer 2020,R_1,,
2018-09-20,AT,AT-ET-20.09.18,AT-ET-20.09.18-S,,Diptera,Culicidae,1,,Jess,Summer 2020,R_1,,
2018-09-20,AT,AT-ET-20.09.18,AT-ET-20.09.18-S,,Diptera,Ceratopogonidae,1,,Jess,Summer 2020,R_1,,
2018-09-20,AT,AT-ET-20.09.18,AT-ET-20.09.18-S,,Hemiptera,Aphidoidea,1,,Jess,Summer 2020,R_1,,
2018-09-20,EP4,EP4-ET-20.09.18,EP4-ET-20.09.18-S,,Araneae,,2,,Jess,Summer 2020,R_1,,
2018-09-20,EP4,EP4-ET-20.09.18,EP4-ET-20.09.18-S,,Diptera,Chironomidae,39,,Jess,Summer 2020,R_1,,
2018-09-20,EP4,EP4-ET-20.09.18,EP4-ET-20.09.18-S,,Gastropoda,,1,,Jess,Summer 2020,R_1,,
2018-09-20,HC,HC-ET-20.09.18,HC-ET-20.09.18-S,,Diptera,Chironomidae,6,,Jess,Summer 2020,R_1,,
2018-09-20,HC,HC-ET-20.09.18,HC-ET-20.09.18-S,,Psocoptera,,1,no ID keys for Psocoptera families,Jess,Summer 2020,R_1,,
2018-09-20,HC,HC-ET-20.09.18,HC-ET-20.09.18-S,,Diptera,Drosophilidae,1,,Jess,Summer 2020,R_1,,
2018-09-24,AT,AT-ET-24.09.18,AT-ET-24.09.18-S,,Hymenoptera,Ichneumonoidea,1,,Jess,Summer 2020,R_1,,
2018-09-24,AT,AT-ET-24.09.18,AT-ET-24.09.18-S,,Araneae,,1,,Jess,Summer 2020,R_1,,
2018-09-24,AT,AT-ET-24.09.18,AT-ET-24.09.18-S,,Diptera,Chironomidae,32,,Jess,Summer 2020,R_1,,
2018-09-24,EP4,EP4-ET-24.09.18,EP4-ET-24.09.18-S,,Coleoptera,Staphylinidae,1,,Jess,Summer 2020,R_1,,
2018-09-24,EP4,EP4-ET-24.09.18,EP4-ET-24.09.18-S,,Diptera,Chironomidae,8,,Jess,Summer 2020,R_1,,
2018-09-24,EP4,EP4-ET-24.09.18,EP4-ET-24.09.18-S,,Diptera,Dolichopodidae,1,,Jess,Summer 2020,R_1,,
2018-09-24,EP4,EP4-ET-24.09.18,EP4-ET-24.09.18-S,,Hemiptera,Aphidae,2,,Jess,Summer 2020,R_1,,
2018-09-24,HC,HC-ET-24.09.18,HC-ET-24.09.18-S,,Diptera,Chironomidae,9,,Jess,Summer 2020,R_1,,
2018-09-27,AT,AT-ET-27-09-18,,,Diptera,Chironomidae,5,3 empty cells,,summer 2020,,,
2018-10-01,HC,HC-ET-01.10.18,,,Diptera,Chironomidae,2,,Tommy,2018-12-03,R_1,,
2018-10-01,HC,HC-ET-01.10.19,,,Gastropoda,,1,,Tommy,2018-12-03,R_1,,
2018-10-01,HC,HC-ET-01.10.20,,,Araneae,,1,,Tommy,2018-12-03,R_1,,
2018-10-01,HC,HC-ET-01.10.21,HC-ET-27.09.18-S,,Diptera,Chironomidae,4,,Jess,Summer 2020,R_2,,
2018-10-01,AT,AT-ET-01.10.18,,,,,0,,Marie,winter 2021,,???,
2018-10-01,AT,AT-ET-01.10.18,,,Diptera,Chironomidae,3,,Tommy,2018-12-03,R_1,,
2018-10-01,AT,AT-ET-01.10.18,,,Diptera,Chironomidae,5,3 empty cells,Reilly,Summer 2020,R_2,,
2018-10-01,EP4,EP4-ET-01.10.18,,,Diptera,Chironomidae,42,,Tommy,2018-12-03,R_1,,
2018-10-01,EP4,EP4-ET-01.10.18,,,Gastropoda,,1,,Tommy,2018-12-03,R_1,,
2018-10-01,EP4,EP4-ET-01.10.18,,,Coleoptera,Staphylinidae,1,,Tommy,2018-12-03,R_1,,
2018-10-01,EP4,EP4-ET-01.10.18,,,Diptera,Syrphidae,1,,Jess,Summer 2020,R_2,,
2018-10-01,EP4,EP4-ET-01.10.18,,,Araneae,,1,,Jess,Summer 2020,R_2,,
2018-10-01,EP4,EP4-ET-01.10.18,,,Diptera,Chironomidae,30,,Jess,Summer 2020,R_2,,
2018-10-04,AT,AT-ET-04.10.18,AT-ET-04.10.18-S,,Araneae,,1,,Jess,Summer 2020,R_1,,
2018-10-04,AT,AT-ET-04.10.18,AT-ET-04.10.18-S,,Coleoptera,Staphylinidae,1,,Jess,Summer 2020,R_1,,
2018-10-04,AT,AT-ET-04.10.18,AT-ET-04.10.18-S,,Diptera,Tachinidae,1,,Jess,Summer 2020,R_1,,
2018-10-04,AT,AT-ET-04.10.18,AT-ET-04.10.18-S,,Coleoptera,Coccinellidae,1,,Jess,Summer 2020,R_1,,
2018-10-04,AT,AT-ET-04.10.18,AT-ET-04.10.18-S,,Hemiptera,Miridae,1,,Jess,Summer 2020,R_1,,
2018-10-04,EP4,EP4-ET-04.10.18,,,Coleoptera,Coccinellidae,1,,Jess,Summer 2020,R_1,,
2018-10-04,EP4,EP4-ET-04.10.18,,,Hymenoptera,Formicidae,1,,Jess,Summer 2020,R_1,,
2018-10-04,EP4,EP4-ET-04.10.18,,,Diptera,Chironomidae,40,,Jess,Summer 2020,R_1,,
2018-10-04,HC,HC-ET-04.10.18,,,Diptera,Chironomidae,1,,Jess,Summer 2020,R_1,,
2018-10-04,HC,HC-ET-04.10.18,,,Coleoptera,Coccinellidae,1,,Jess,Summer 2020,R_1,,
2018-10-04,HC,HC-ET-04.10.18,,,Hymenoptera,Formicidae,1,,Jess,Summer 2020,R_1,,
2018-10-05,HC,HC-ET-05.10.18,HC-ET-05.10.18-S,,Araneae,,1,,Jess,Summer 2020,R_1,LOOKINTO - DATE DOESN’T EXIST,
2018-10-05,HC,HC-ET-05.10.18,HC-ET-05.10.18,,Diptera,Chironomidae,4,,Jess,Summer 2020,R_1,LOOKINTO - DATE DOESN’T EXIST,
2018-10-08,AT,AT-ET-08.10.18,AT-ET-08.10.18-S,,Diptera,Chironomidae,3,,Jess,Summer 2020,R_1,,
2018-10-08,AT,AT-ET-08.10.18,AT-ET-08.10.18-S,,Hymenoptera,Tenthredinidae,1,,Jess,Summer 2020,R_1,,
2018-10-08,AT,AT-ET-08.10.18,AT-ET-08.10.18-S,,Coleoptera,Chrysomelidae,1,,Jess,Summer 2020,R_1,,
2018-10-08,EP4,EP4-ET-08.10.18,EP4-ET-08.10.18-S,,Coleoptera,Coccinellidae,1,,Jess,Summer 2020,R_1,,
2018-10-08,EP4,EP4-ET-08.10.18,EP4-ET-08.10.18-S,,Diptera,Chironomidae,54,,Jess,Summer 2020,R_1,,
2018-10-08,EP4,EP4-ET-08.10.18,EP4-ET-08.10.18-S,,Hymenoptera,Formicidae,1,,Jess,Summer 2020,R_1,,
2018-10-08,EP4,EP4-ET-08.10.18,EP4-ET-08.10.18-S,,Hemiptera,Cercopidae,1,,Jess,Summer 2020,R_1,,
2018-10-08,HC,HC-ET-08.10.18,HC-ET-08.10.18-S,,Araneae,,1,,Jess,Summer 2020,R_1,,
2018-10-08,HC,HC-ET-08.10.18,HC-ET-08.10.18-S,,Diptera,Chironomidae,1,,Jess,Summer 2020,R_1,,
2018-10-11,AT,AT-ET-11.10.18,,,Diptera,Chironomidae,1,,Tommy,2018-12-03,R_1,,
2018-10-11,AT,AT-ET-11.10.18,AT-ET-11.10.18-S,AT-ET-11.10.18-S-1,Diptera,Chironomidae,3,3 empty cells,Reilly,Summer 2020,R_2,,
2018-10-11,AT,AT-ET-11.10.18,AT-ET-11.10.18-S,AT-ET-11.10.18-S-2,Coleoptera,Histeridae,1,,Reilly,Summer 2020,R_2,,
2018-10-11,EP4,EP4-ET-11.10.18,,,Diptera,Chironomidae,94,,Tommy,2018-12-03,R_1,,
2018-10-11,EP4,EP4-ET-11.10.18,EP4-ET-11.10.18-S,,Orthoptera,Gryllidae,2,,Jess,Summer 2020,R_2,,
2018-10-11,EP4,EP4-ET-11.10.18,EP4-ET-11.10.18-S,,Gastropoda,,2,,Jess,Summer 2020,R_2,,
2018-10-11,EP4,EP4-ET-11.10.18,EP4-ET-11.10.18-S,,Lepidoptera,Erebidae,1,,Jess,Summer 2020,R_2,,
2018-10-11,EP4,EP4-ET-11.10.18,EP4-ET-11.10.18-S,,Diptera,Chironomidae,74,,Jess,Summer 2020,R_2,,
2018-10-11,EP4,EP4-ET-11.10.18,EP4-ET-11.10.18-S,,Araneae,,2,,Jess,Summer 2020,R_2,,
2018-10-11,EP4,EP4-ET-11.10.18,EP4-ET-11.10.18-S,,Coleoptera,Anobiidae,1,,Jess,Summer 2020,R_2,,
2018-10-11,HC,HC-ET-11.10.18,,,Diptera,Chironomidae,1,,Tommy,2018-12-03,R_1,,
2018-10-11,HC,HC-ET-11.10.18,HC-ET-11.10.18-S,,Gastropoda,,1,,Jess,Summer 2020,R_2,,
2018-10-11,HC,HC-ET-11.10.18,HC-ET-11.10.18-S,,Diptera,Chironomidae,2,,Jess,Summer 2020,R_2,,
2018-10-15,AT,AT-18-ET-15.10.18,AT-18-ET-15.10.18-S,AT-18-ET-15.10.18-S-1,Diptera,Syrphidae,1,4 empty cells,Jess,Summer 2020,R_1,,
2018-10-15,AT,AT-ET-15.10.18,AT-ET-15.10.18-S,,Hemiptera,Cicadellidae,1,,Jess,Summer 2020,R_1,,
2018-10-15,AT,AT-ET-15.10.18,AT-ET-15.10.18-S,,Araneae,,1,,Jess,Summer 2020,R_1,,
2018-10-15,AT,AT-ET-15.10.18,AT-ET-15.10.18-S,,Hemiptera,Anthocoridae,1,,Jess,Summer 2020,R_1,,
2018-10-15,AT,AT-ET-15.10.18,AT-ET-15.10.18-S,,Diptera,Chironomidae,8,,Jess,Summer 2020,R_1,,
2018-10-15,AT,AT-ET-15.10.18,AT-ET-15.10.18-S,,Coleoptera,Staphylinidae,1,,Jess,Summer 2020,R_1,,
2018-10-15,AT,AT-ET-15.10.18,AT-ET-15.10.18-S,,Hymenoptera,Chalcidoidea,1,,Jess,Summer 2020,R_1,,
2018-10-15,HC,HC-ET-15.10.18,HC-ET-15.10.18-S,,Diptera,Chironomidae,3,,Jess,Summer 2020,R_1,,
2018-10-15,HC,HC-ET-15.10.18,HC-ET-15.10.18-S,,Lepidoptera,,1,Larvae,Jess,Summer 2020,R_1,,
2018-10-15,HC,HC-ET-15.10.18,HC-ET-15.10.18-S,,Collembola,,1,,Jess,Summer 2020,R_1,,
2018-10-15,HC,HC-ET-15.10.18,HC-ET-15.10.18-S,,Araneae,,1,,Jess,Summer 2020,R_1,,
2018-10-18,HC,HC-ET-18.10.18,HC-ET-18.10.18-S,,N/A,N/A,0,EMPTY VIAL,Jess,Summer 2020,R_1,,
2018-10-22,AT,AT-ET-22.10.18,AT-ET-22.10.18-S,-,-,-,0,Empty,Reilly,Summer 2020,R_1,,
2018-10-22,EP4,EP4-ET-22.10.18,EP4-ET-22.10.18-S,,Diptera,Chironomidae,7,,Jess,Summer 2020,R_1,,
2018-10-22,HC,HC-ET-22.10.18,HC-ET-22.10.18-S,,Araneae,,1,,Jess,Summer 2020,R_1,,
2018-10-22,HC,HC-ET-22.10.18,HC-ET-22.10.18-S,,Hymenoptera,Formicidae,1,,Jess,Summer 2020,R_1,,
2018-10-22,HC,HC-ET-22.10.18,HC-ET-22.10.18-S,,Diptera,Phoridae,1,,Jess,Summer 2020,R_1,,
2018-10-22,HC,HC-ET-22.10.18,HC-ET-22.10.18-S,,Diptera,Chironomidae,1,,Jess,Summer 2020,R_1,,
2018-10-22,HC,HC-ET-22.10.18,HC-ET-22.10.18-S,,Hemiptera,Aphidae,1,,Jess,Summer 2020,R_1,,
2018-10-25,HC,HC-ET-25-10-18,,,,,0,,,,,,
2018-10-25,AT,AT-ET-25.10.18,,,,,0,,Marie,,,,
2018-10-25,EP4,EP4-ET-25.10.18,EP4-ET-25.10.18-S,,Diptera,Chironomidae,17,,Jess,Summer 2020,R_1,,
2018-10-29,AT,AT-ET-29.10.18,AT-ET-29.10.18-S,AT-ET-29.10.18-S-1,Aranae,-,1,4 empty cells,,Summer 2020,R_1,,
2018-10-29,EP4,EP4-ET-29.10.18,EP4-ET-29.10.18-S,,Diptera,Chironomidae,6,,Jess,Summer 2020,R_1,,
2018-10-29,EP4,EP4-ET-29.10.18,EP4-ET-29.10.18-S,,Diptera,Calliphoridae,1,,Jess,Summer 2020,R_1,,
2018-10-29,HC,HC-ET-29-10-18,HC-ET-29-10-18-S,,Hymenoptera,Formicidae,1,,Jess,Summer 2020,R_1,,
2018-10-29,HC,HC-ET-29-10-18,HC-ET-29-10-18-S,,Diptera,Chironomidae,1,,Jess,Summer 2020,R_1,,
2018-10-29,HC,HC-ET-29-10-18,HC-ET-29-10-18-S,,Coleoptera,Latrididae,1,,Jess,Summer 2020,R_1,,
2018-11-01,HC,HC-ET-1.11.18,,,Diptera,Chironomidae,1,*wrong,Jess,Summer 2020,R_1,,
2018-11-01,HC,HC-ET-1.11.18,,,Megaloptera,,1,,Jess,Summer 2020,R_1,,